id,domain,status,purchase_price,renewal_price,attractiveness,demand,length,registrar,created_at,expires_at,status_verified_at
edcf1ab5-d117-4311-8a53-0cb75e0db486,arcuate.tires,available,5.99,78.99,medium,low,7,namesilo,,,06/08/2026 14:49
a44a192d-28ed-473d-943d-b129c34fffa6,alpinia.tires,available,5.99,78.99,medium,low,7,namesilo,,,18/09/2026 14:02
2ddd4ccc-088b-4ebb-b9d4-be4206ace730,bulgarian.tires,available,5.99,78.99,high,low,9,namesilo,,,11/08/2026 08:23
ea04f4e8-3620-47ef-b17c-51b67511ea0f,homologous.tires,available,5.99,78.99,medium,low,10,namesilo,,,21/08/2026 12:58
468a2034-907b-4845-ba6c-382d4d9bb8f6,surveillance.tires,available,5.99,78.99,high,low,12,namesilo,,,27/09/2026 08:40
02650de1-9e27-43a6-993b-d3632b0817c3,barrier.tires,available,5.99,78.99,medium,low,7,namesilo,,,
4fab431e-bfe3-4e5d-84f6-0d549f3a30cc,travellers.tires,available,5.99,78.99,medium,low,10,namesilo,,,17/09/2026 22:15
7efb693b-8516-49ff-a431-576f9ceb76c6,malevolent.tires,available,5.99,78.99,medium,low,10,namesilo,,,24/08/2026 13:52
803e56b5-399f-40bf-80c4-d32a2f2beb98,barbara.tires,available,87.98,110.98,high,low,7,namecheap,,,25/09/2026 11:55
e7a963fa-e63f-4a80-bef8-dcb0af697c99,bhutanese.tires,available,14.99,132.99,medium,low,9,name.com,,,09/08/2026 18:24
6575c5e5-66ec-416c-9612-8eb3168b0d57,sake.tires,available,87.98,110.98,high,low,4,namecheap,,,27/09/2026 05:08
2a8e9382-6d46-485f-bbd9-abe40ea1c701,advantage.tires,available,5.99,78.99,high,low,9,namesilo,,,27/09/2026 06:59
781abda0-cfdd-40fc-a3c1-20c8a87eb9f8,duple.tires,available,5.99,78.99,medium,low,5,namesilo,,,14/08/2026 20:37
1c38887b-0009-491e-bc36-29656242f2e3,stalinist.tires,available,87.98,110.98,medium,low,9,namecheap,,,10/09/2026 18:25
2a45e10c-3eea-4d74-bc3a-895613dff7e3,nitid.tires,available,5.99,78.99,medium,low,5,namesilo,,,
62482e75-c659-4139-aebd-e4ebc7035e4b,portsmouth.tires,available,5.99,78.99,high,low,10,namesilo,,,25/09/2026 10:02
5dc01501-1646-4697-8f54-df0f500c2126,ail.tires,available,87.98,110.98,medium,low,3,namecheap,,,17/09/2026 21:05
da350eb5-ab97-4b41-b462-b6ab793ac6a0,demand.tires,available,5.99,78.99,high,low,6,namesilo,,,24/09/2026 15:48
97400d59-d475-42ff-90bb-ffeff4fe9253,matey.tires,available,5.99,78.99,medium,low,5,namesilo,,,12/08/2026 07:40
e7547636-a472-4b00-b93a-4457588c52dd,radish.tires,available,87.98,110.98,high,low,6,namecheap,,,24/09/2026 20:53
69705a01-834a-4eaf-8436-d1af6dbc87f1,overeasy.tires,available,5.99,78.99,medium,low,9,namesilo,,,16/09/2026 17:44
89203207-a29f-49dd-b5ca-cd3dd87c9e7b,headless.tires,available,5.99,78.99,medium,low,8,namesilo,,,11/08/2026 01:43
6c2cba68-d2f9-427f-afcc-10bd2f2bc6fc,argot.tires,available,5.99,78.99,medium,low,5,namesilo,,,13/09/2026 04:14
90a7d29f-cee1-468e-8474-9223bfbe7baa,pudendal.tires,available,5.99,78.99,medium,low,8,namesilo,,,09/09/2026 05:28
d06a3142-62c1-4bcf-a18c-6d6327a87bc8,surrogate.tires,available,5.99,78.99,high,low,9,namesilo,,,22/09/2026 02:27
2da3d672-3e81-4881-ba2f-b9f6a0abe264,disfigure.tires,available,5.99,78.99,medium,low,9,namesilo,,,24/09/2026 05:36
bf76477b-01ac-4628-9349-a0b58d9bd389,hedged.tires,available,5.99,78.99,medium,low,6,namesilo,,,21/08/2026 05:50
b96d988a-c7e8-4067-8f10-0f06e2f58acd,formulary.tires,available,5.99,78.99,medium,low,9,namesilo,,,18/08/2026 12:20
6c35469e-390e-43b2-97a6-85bd72437233,ang.tires,available,5.99,78.99,high,low,3,namesilo,,,17/09/2026 22:42
d26df4ee-d31a-4817-afed-429194a0bf28,acrylate.tires,available,5.99,78.99,medium,low,8,namesilo,,,17/09/2026 04:05
63396bfc-52d8-4b24-855c-75426c694e0e,perfected.tires,available,5.99,78.99,high,low,9,namesilo,,,27/09/2026 03:35
b0812ecb-ffe4-4e8e-a6c9-832d18f13d1b,daily.tires,available,5.99,78.99,high,medium,5,namesilo,,,24/09/2026 04:21
3745a928-72f2-470f-9bf2-e6699baa75bc,platte.tires,available,70.2,70.2,high,low,6,cloudflare,,,28/09/2026 02:56
1997afaa-4d55-476c-a8a1-042a4d7b12a8,furthest.tires,available,5.99,78.99,medium,low,8,namesilo,,,24/09/2026 17:07
de44b636-03ea-4003-8e6d-0635b0e3fc16,freshly.tires,available,5.99,78.99,high,low,7,namesilo,,,18/08/2026 15:18
a27f63d5-b693-4aa6-ac7f-024d4a822e7c,ano.tires,available,87.98,110.98,high,low,3,namecheap,,,16/09/2026 18:45
47695891-3e6c-49a5-be3f-8331f45bdcdd,knew.tires,available,5.99,78.99,medium,low,4,namesilo,,,
6627f14b-75ef-4392-b9c2-6374646efc87,cute.tires,available,5.99,78.99,high,low,4,namesilo,,,24/09/2026 03:46
b5d5de65-c2ab-46da-ad63-a8057b84be69,oafish.tires,available,14.99,132.99,medium,low,6,name.com,,,10/08/2026 19:32
c9936052-8dfb-44c2-b7a4-c7db05177347,salient.tires,available,5.99,78.99,high,low,7,namesilo,,,09/09/2026 03:09
889e5c11-1609-4432-a7d7-c265bfce95fa,ardennes.tires,available,5.99,78.99,medium,low,8,namesilo,,,20/09/2026 03:09
b3e96913-1da2-4b58-907a-4358cc336452,ones.tires,available,5.99,78.99,high,low,4,namesilo,,,
174fbee8-7780-47fa-a164-685e3ee3e0bf,schumacher.tires,available,5.99,78.99,high,low,10,namesilo,,,27/09/2026 19:51
aca76845-ef20-41d9-8fe7-3037901ab393,pdf.tires,available,5.99,78.99,high,medium,3,namesilo,,,27/09/2026 06:22
ec6a0942-70df-49bb-9acd-750717e2ca84,thorne.tires,available,87.98,110.98,medium,low,6,namecheap,,,27/09/2026 20:29
db708824-23f9-44f8-9631-3768c3edbf22,curl.tires,available,5.99,78.99,high,low,4,namesilo,,,
a3c4e3ae-23a0-4c03-a494-51e6b4e8c282,giraffe.tires,available,5.99,78.99,high,low,7,namesilo,,,
8a3402a3-6533-42d2-a017-1da6d422ac30,gum.tires,available,87.98,110.98,high,low,3,namecheap,,,24/09/2026 14:25
16cfc3fc-5853-42b9-9b1e-875595639aad,pepperidge.tires,available,5.99,78.99,medium,low,10,namesilo,,,24/09/2026 00:49
57276db4-df2b-4cb1-abaf-de8a072c476f,serial.tires,available,5.99,78.99,high,low,6,namesilo,,,21/08/2026 23:54
827d0d7a-0fa7-436d-922c-c5e4305b8c01,sulfuric.tires,available,5.99,78.99,medium,low,8,namesilo,,,11/09/2026 01:29
7f6e59d1-f38c-4140-a41f-72dbfb818369,stat.tires,available,5.99,78.99,high,low,4,namesilo,,,
d9e1752c-a691-4617-897a-90288fc8dcf2,unaffected.tires,available,5.99,78.99,high,low,10,namesilo,,,11/09/2026 23:59
4df3f5db-a1f2-4f9f-af1a-e8f32c81b27c,easton.tires,available,5.99,78.99,medium,low,6,namesilo,,,25/09/2026 16:33
43eb8285-53db-4981-aae7-39980085760f,vesture.tires,available,5.99,78.99,medium,low,7,namesilo,,,13/09/2026 09:02
51ef510f-364c-4039-b2dd-2f42ad67cf81,preview.tires,available,5.99,78.99,high,low,7,namesilo,,,
bc517755-064f-406e-a0ee-df909cc25256,efforts.tires,available,5.99,78.99,medium,low,7,namesilo,,,27/09/2026 22:23
a426f9c2-97b5-47cf-bd91-71ae590f881f,limbic.tires,available,5.99,78.99,medium,low,6,namesilo,,,23/08/2026 11:49
8ae695d2-7570-49cd-8d6d-bcabb4f7daa2,parentage.tires,available,5.99,78.99,medium,low,9,namesilo,,,08/09/2026 13:25
4a241b15-f181-44f2-ad71-3e3faccaf089,elevator.tires,available,5.99,78.99,high,low,8,namesilo,,,25/09/2026 05:22
056b6795-6d43-46bb-ac1a-d5d83e26630b,verminous.tires,available,5.99,78.99,medium,low,9,namesilo,,,13/09/2026 04:05
f597a2fd-6f1e-4606-82ce-eaf728e0b97a,caring.tires,available,5.99,78.99,high,low,6,namesilo,,,23/09/2026 13:03
706c1f00-0f20-4df6-adaa-20af2d4a5962,active.tires,available,72.44,72.44,high,low,6,spaceship,,,28/09/2026 09:11
79e0a231-590b-4eae-922a-744b582d7b6c,bawling.tires,available,5.99,78.99,medium,low,7,namesilo,,,13/09/2026 07:42
65af90f6-4559-4277-8468-25a2678302c9,manchurian.tires,available,5.99,78.99,high,low,10,namesilo,,,24/08/2026 14:34
67eaee20-d87a-4613-8fde-1e9ef6531bfd,mannerly.tires,available,5.99,78.99,medium,low,8,namesilo,,,24/08/2026 15:20
dc874d49-5f76-402f-81df-d448ba74467d,perceiver.tires,available,5.99,78.99,high,low,9,namesilo,,,08/09/2026 16:18
ea4e43c0-eb41-4535-82ed-058ae20de868,punk.tires,available,87.98,110.98,high,low,4,namecheap,,,23/09/2026 11:14
c09ed06d-115a-434b-9550-58a3eec8800a,stoutness.tires,available,5.99,78.99,medium,low,9,namesilo,,,04/09/2026 22:03
5fdd6736-3856-4d0b-9ec0-5f65f70251d7,bagatelle.tires,available,87.98,110.98,medium,low,9,namecheap,,,21/09/2026 17:53
0c4f8a23-3876-49af-99e0-fe5dbe41212e,story.tires,available,87.98,110.98,high,medium,5,namecheap,,,25/09/2026 22:53
eaea5b5d-b52b-4d50-b3e3-7fd0289f248b,underground.tires,available,5.99,78.99,high,low,11,namesilo,,,26/09/2026 00:51
c2669eef-a465-4bf9-94a8-389557e52e06,anciently.tires,available,5.99,78.99,medium,low,9,namesilo,,,13/09/2026 19:42
66c9719b-d58f-422c-9127-70df5da1b691,sandhopper.tires,available,87.98,110.98,medium,low,10,namecheap,,,22/09/2026 18:44
a8ee272a-9aae-4acf-8981-81606ad47641,passerine.tires,available,5.99,78.99,medium,low,9,namesilo,,,08/09/2026 02:29
2da360cf-58b5-4708-a4b8-ca5a7ee5518c,improper.tires,available,5.99,78.99,medium,low,8,namesilo,,,21/08/2026 23:12
cc7f7df1-8140-433d-993e-948de20ef3f3,modestly.tires,available,5.99,78.99,medium,low,8,namesilo,,,15/09/2026 15:13
deec5368-c487-4c62-8ae6-b13d53a99357,dogged.tires,available,5.99,78.99,medium,low,6,namesilo,,,14/08/2026 14:54
21d48de2-a506-40ec-934c-c4215f88af41,riemann.tires,available,87.98,110.98,high,low,7,namecheap,,,23/09/2026 09:54
5e792247-ec1f-4585-9225-a90c7e842244,nay.tires,available,5.99,78.99,medium,low,3,namesilo,,,15/09/2026 16:14
ada5bf9f-8ce9-4e1d-b30e-369f02ffe55d,cowboy.tires,available,14.99,,high,low,6,name.com,,,
def74dbf-9889-4275-b04c-ed79b36fd84d,deathless.tires,available,14.99,132.99,medium,low,9,name.com,,,13/08/2026 20:02
f0d6e070-dc63-43b9-979c-b81f0bf3a773,airdrome.tires,available,5.99,78.99,medium,low,8,namesilo,,,17/09/2026 12:57
3d566feb-7736-4cc8-8cf1-a219abf29fba,detention.tires,available,72.44,72.44,medium,low,9,spaceship,,,27/09/2026 12:53
3d8fb0da-9212-41cc-b435-e6149b9b775a,supervisor.tires,available,5.99,78.99,high,low,10,namesilo,,,
7153b0e5-5fa2-4c9d-b91f-7f7f55f5a3f9,polymeric.tires,available,5.99,78.99,medium,low,9,namesilo,,,08/09/2026 23:25
fbe3e4ef-af82-4fc2-84b7-8c3edb8aeb63,insane.tires,available,5.99,78.99,medium,low,6,namesilo,,,21/08/2026 00:58
7882ba39-9ea4-40de-a6a0-8564878b88ee,dizzy.tires,available,5.99,78.99,high,low,5,namesilo,,,
16609bde-b37a-4fd6-bff4-9e742a62e602,mandarin.tires,available,5.99,78.99,high,low,8,namesilo,,,23/09/2026 04:17
107086d9-8ead-4d84-a632-eb826f6910c9,monkeys.tires,available,5.99,78.99,medium,low,7,namesilo,,,17/09/2026 10:08
57f943b3-04ba-4ef1-80cb-7116e729f64e,inutile.tires,available,5.99,78.99,medium,low,7,namesilo,,,22/08/2026 08:54
b20857d5-f77f-4ec5-9524-aaff49cf7e5f,sanford.tires,available,87.98,110.98,medium,low,7,namecheap,,,25/09/2026 16:16
0d425322-4f41-49b0-83a5-111ed27b51e6,eligible.tires,available,5.99,78.99,high,low,8,namesilo,,,16/08/2026 04:35
59c01ee1-20d5-4fe1-b830-27c5c814289f,unrealized.tires,available,5.99,78.99,medium,low,10,namesilo,,,12/09/2026 11:00
20fe985e-6182-4b35-b51d-053c80089191,estragon.tires,available,5.99,78.99,medium,low,8,namesilo,,,20/09/2026 10:19
028f433f-d6e2-4189-91e9-8447ec439a72,bracket.tires,available,5.99,78.99,high,low,7,namesilo,,,19/09/2026 06:22
232f84ac-61bf-4495-9140-ab3fb0ba90e2,alienator.tires,available,87.98,110.98,medium,low,9,namecheap,,,18/09/2026 07:36
646d2b63-ffa3-4aaf-b3f7-b8e88dbba968,subliminal.tires,available,5.99,78.99,high,low,10,namesilo,,,11/09/2026 00:08
ee845382-e31c-42a1-a422-ce4bab12f39d,platter.tires,available,5.99,78.99,high,low,7,namesilo,,,
1f5fc20f-53ad-40ee-9e4c-264f6eb3c896,dances.tires,available,5.99,78.99,high,low,6,namesilo,,,
7857ffd5-faee-4747-bb3b-3bc8305b0762,equid.tires,available,5.99,78.99,medium,low,5,namesilo,,,17/08/2026 11:47
c2ed7ebf-aef4-46f0-bb8d-43c6667a6878,cheese.tires,available,5.99,78.99,high,low,6,namesilo,,,25/09/2026 04:54
05ff4270-f432-4be7-8098-f57c84ee6081,joyful.tires,available,5.99,78.99,high,low,6,namesilo,,,20/08/2026 14:22
88e4feb1-5173-456c-9f1a-a875cc8c0e3c,sister.tires,available,5.99,78.99,high,low,6,namesilo,,,26/09/2026 00:18
4c5b731e-9c84-4172-a54b-fc34fcb7980b,whats.tires,available,87.98,110.98,medium,low,5,namecheap,,,20/09/2026 02:25
976b1373-d2ea-4101-9a9b-f879e7743408,fetid.tires,available,5.99,78.99,medium,low,5,namesilo,,,18/08/2026 02:24
51ffade3-1e2b-4341-a8b1-f13fa133bfc4,pebbly.tires,available,5.99,78.99,medium,low,6,namesilo,,,20/08/2026 18:47
42cec95e-7df8-4be7-ba10-711fa4d25fb3,orca.tires,available,14.99,,high,medium,4,name.com,,,
2346ad5a-55a8-4704-8bae-8b8038cf0dd8,unclear.tires,available,14.99,132.99,high,low,7,name.com,,,21/08/2026 19:00
5f571216-ccab-4fd0-87b8-85809587b899,needing.tires,available,5.99,78.99,high,low,7,namesilo,,,
13fcd10e-e845-4a68-b40d-29c7e55b8b95,freetown.tires,available,5.99,78.99,high,low,8,namesilo,,,24/09/2026 12:22
426a66a0-72d5-49b6-afaf-6fb6151cf885,pit.tires,available,5.99,78.99,high,low,3,namesilo,,,24/09/2026 13:22
07a08d80-0466-40f0-a815-8e5384ebc60a,darwinian.tires,available,14.99,132.99,medium,low,9,name.com,,,13/08/2026 18:25
f0c57ab1-4d3d-4d08-b361-0afe2f47a7e4,tubes.tires,available,5.99,78.99,medium,low,5,namesilo,,,20/09/2026 00:50
ce7c64e9-cc49-4585-9ae5-3ec448422526,nether.tires,available,5.99,78.99,high,low,6,namesilo,,,12/08/2026 07:29
05b2b3dc-f656-46b5-afe2-6e41a3e3ac06,dentistry.tires,available,5.99,78.99,high,low,9,namesilo,,,24/09/2026 21:55
a9e8047a-a4fe-4b59-99d8-fc9d327b237f,dyslexic.tires,available,5.99,78.99,medium,low,8,namesilo,,,14/08/2026 22:03
c5e33bdd-f70f-49f0-99c5-59cfbb5cca99,hayastan.tires,available,5.99,78.99,medium,low,8,namesilo,,,20/09/2026 06:40
56b65de7-d102-4151-9190-fdb09dd86864,unscathed.tires,available,5.99,78.99,high,low,9,namesilo,,,12/09/2026 12:03
62130a7d-851a-451e-8c44-df849516288d,cliche.tires,available,5.99,78.99,high,low,6,namesilo,,,23/09/2026 16:07
f9fba1f5-c4e8-4c70-bfc9-38f927360f95,electoral.tires,available,5.99,78.99,high,low,9,namesilo,,,16/08/2026 02:37
09bcf3a9-05df-43a4-97f9-30076462caef,satirical.tires,available,5.99,78.99,high,low,9,namesilo,,,09/09/2026 21:49
ebd5f2b4-fcdc-466e-a104-d125eeebb83a,relevant.tires,available,5.99,78.99,high,low,8,namesilo,,,09/09/2026 13:33
e00d50ed-1538-41ea-951b-7b39c5f5c15f,storing.tires,available,8.24,74,high,low,7,dynadot,,,28/09/2026 02:45
cc7235bf-b561-466c-a4c9-67f7b6814c84,smilax.tires,available,5.99,78.99,medium,low,6,namesilo,,,20/09/2026 14:41
a5da9b33-2648-4463-8d87-7742896593de,condiment.tires,available,5.99,78.99,high,low,9,namesilo,,,
38ae991b-6833-449b-951f-45d1df743209,sexually.tires,available,5.99,78.99,medium,low,8,namesilo,,,16/09/2026 01:18
a30f5b1f-b2ba-4760-819f-49dafbd314f4,disjoint.tires,available,5.99,78.99,medium,low,8,namesilo,,,14/08/2026 11:09
b7fa43b7-2231-4e8e-bb37-492dc36ca6d7,sonant.tires,available,5.99,78.99,medium,low,6,namesilo,,,10/09/2026 14:08
9611fdbb-941c-419e-9dda-34d22842dafd,organization.tires,available,87.98,110.98,high,low,12,namecheap,,,28/09/2026 03:32
efcb5a72-4312-41b5-8785-f2b1208ada7f,anew.tires,available,87.98,110.98,high,low,4,namecheap,,,13/09/2026 18:03
ee9f5b2c-1a0f-4b14-858a-f2488c7011a3,roofs.tires,available,5.99,78.99,medium,low,5,namesilo,,,
f62c6472-4775-42a5-893a-529b4471f199,unmediated.tires,available,5.99,78.99,medium,low,10,namesilo,,,12/09/2026 15:32
2507a722-ca2f-4e74-a701-c490018559bd,avocado.tires,available,5.99,78.99,high,low,7,namesilo,,,22/09/2026 14:34
2c2a74e0-9a99-46ec-b57a-497dd5603f1f,shifting.tires,available,70.2,70.2,high,low,8,cloudflare,,,27/09/2026 21:05
df7d5666-a211-4c03-8854-0418da3c0c6f,marital.tires,available,5.99,78.99,high,low,7,namesilo,,,24/08/2026 15:56
a717591c-44b2-4a47-9662-b907d9210239,arrhenius.tires,available,5.99,78.99,high,low,9,namesilo,,,20/09/2026 09:11
498ea366-126a-49ee-a117-4386ef550ad1,glassed.tires,available,5.99,78.99,medium,low,7,namesilo,,,20/08/2026 14:07
c848fa04-9e65-4bc2-b4de-e272dabc4cd0,phonic.tires,available,87.98,110.98,medium,low,6,namecheap,,,08/09/2026 19:06
93f53ab5-b3d7-4bba-b176-d1a59d55cbce,striation.tires,available,5.99,78.99,medium,low,9,namesilo,,,22/09/2026 01:19
bcd8ad50-cfa5-4b59-ad18-7ad8c31f4a71,bryan.tires,available,14.99,,high,low,5,name.com,,,
654e68ca-69e7-48cf-8ee4-f9c290cb33e5,betrothed.tires,available,14.99,132.99,high,low,9,name.com,,,09/08/2026 18:07
419ea22c-1ebc-4d01-ba7d-feab2f0c3c9b,usgs.tires,available,72.44,72.44,medium,low,4,spaceship,,,28/09/2026 03:54
d966712c-5944-41ee-b486-16ccc0263818,hani.tires,available,5.99,78.99,high,low,4,namesilo,,,17/09/2026 23:54
585b6a74-48de-4bb1-8145-5f9f1b17aa54,residents.tires,available,70.2,70.2,low,low,9,cloudflare,,,28/09/2026 09:00
ee624deb-5aaf-4017-89fe-da9c439cf096,snobbish.tires,available,5.99,78.99,medium,low,8,namesilo,,,12/08/2026 11:21
167db691-98d2-49b9-996e-68c6d1da5d3a,sightly.tires,available,14.99,132.99,medium,low,7,name.com,,,10/08/2026 18:49
b515c2d2-c1b0-4230-92e8-1d23c7425d52,thb.tires,available,5.99,78.99,high,low,3,namesilo,,,21/09/2026 14:19
5358dceb-e410-49eb-9510-e7b44ce08fe8,suntan.tires,available,5.99,78.99,high,low,6,namesilo,,,11/09/2026 07:52
7b43b1a6-4239-433b-a5e3-a703171c7bfe,seasonable.tires,available,5.99,78.99,high,low,10,namesilo,,,10/09/2026 00:56
29bf2bf3-1062-4734-919f-f4f5d81add25,unsalted.tires,available,5.99,78.99,medium,low,8,namesilo,,,12/09/2026 18:45
4ee8f7da-fca2-41ba-8094-66c4f302c2fc,astana.tires,available,87.98,110.98,medium,low,6,namecheap,,,18/09/2026 00:11
8570a802-06eb-4848-86dc-e4115000a01c,dairy.tires,available,5.99,78.99,high,low,5,namesilo,,,26/09/2026 00:42
998aa550-e7ac-4547-a990-fa07e44bd71a,iodin.tires,available,5.99,78.99,medium,low,5,namesilo,,,21/08/2026 17:26
c16b6031-0c89-4020-9410-402e69af1880,realized.tires,available,5.99,78.99,high,low,8,namesilo,,,23/09/2026 17:28
eccc887e-6aa7-4cb9-bd17-8f43fc59f230,indigene.tires,available,5.99,78.99,medium,low,8,namesilo,,,03/09/2026 13:49
7151fe13-65f9-4f51-88fb-7e2605a3993c,hassle.tires,available,70.2,70.2,high,low,6,cloudflare,,,27/09/2026 16:35
a44aee74-f08e-4bab-b5df-cd9142ee2059,miniskirt.tires,available,5.99,78.99,high,low,9,namesilo,,,24/08/2026 23:47
e744269b-501e-48f2-aef5-1d16180fe736,binomial.tires,available,5.99,78.99,high,low,8,namesilo,,,10/08/2026 00:30
5d6f5aab-6466-4495-8dd9-80a810737429,drearily.tires,available,5.99,78.99,medium,low,8,namesilo,,,14/09/2026 13:12
7eb1af61-90a4-4246-b008-d7ebbe69ea66,midway.tires,available,5.99,78.99,high,low,6,namesilo,,,11/08/2026 23:58
d4fc3d2a-8b96-4c90-b5ee-df904281bb2e,launch.tires,available,72.44,72.44,high,medium,6,spaceship,,,28/09/2026 02:59
25bb1c72-1ca3-4685-ac01-2f1ccb4aea2a,bewitched.tires,available,5.99,78.99,medium,low,9,namesilo,,,09/08/2026 18:17
0c40b112-000d-4876-8732-e5fb5fe44b5e,girard.tires,available,87.98,110.98,high,low,6,namecheap,,,28/09/2026 05:50
9f1cb03e-5f4b-4e15-97d5-7637196fe938,inflexibly.tires,available,5.99,78.99,medium,low,10,namesilo,,,15/09/2026 08:16
fad1bcb2-4596-4644-bc46-a3c06c90af7f,bendable.tires,available,5.99,78.99,medium,low,8,namesilo,,,09/08/2026 14:07
8d3b58db-d3fb-46cc-b91b-f76b8566fdf6,nigerian.tires,available,5.99,78.99,high,low,8,namesilo,,,03/09/2026 17:12
cfe110b9-d3dc-49db-b900-ddc0a3589d02,checkroom.tires,available,87.98,110.98,medium,low,9,namecheap,,,24/09/2026 14:04
37fd0070-57fd-48f3-a346-e4e12d0042d4,subtropic.tires,available,5.99,78.99,medium,low,9,namesilo,,,10/09/2026 03:34
0a1b5240-994a-4da6-8fa4-00fff359904c,kwh.tires,available,5.99,78.99,medium,low,3,namesilo,,,28/09/2026 07:34
a4237c7d-a4ec-4196-ba7b-0988ce37fa9d,argo.tires,available,87.98,110.98,high,low,4,namecheap,,,20/09/2026 04:30
1fef42e4-2fe2-4122-8da3-cdfab41671e4,richards.tires,available,87.98,110.98,high,low,8,namecheap,,,25/09/2026 07:42
40cb33b1-9f1b-494c-b608-0931ac17d44a,wolfbane.tires,available,87.98,110.98,medium,low,8,namecheap,,,17/09/2026 02:09
99752217-8de2-488f-a60f-b89e20213f0c,wholly.tires,available,5.99,78.99,high,low,6,namesilo,,,
82f413e1-6ffa-442f-928b-1a3739a59352,genital.tires,available,5.99,78.99,medium,low,7,namesilo,,,18/08/2026 21:40
43578cfa-9e2d-4f8b-878e-07e66170ab6a,generally.tires,available,5.99,78.99,high,low,9,namesilo,,,
ae1c13c5-e792-4d1e-855a-e99275dee36f,ursula.tires,available,5.99,78.99,medium,low,6,namesilo,,,28/09/2026 03:44
4db4b88a-e10b-4da3-b6b0-951a0cd8952e,odorous.tires,available,5.99,78.99,medium,low,7,namesilo,,,04/09/2026 00:54
597d5b85-3e67-41e1-9569-f6f8200f2f97,applewood.tires,available,5.99,78.99,medium,low,9,namesilo,,,19/09/2026 21:44
215d3e9a-4a17-4f8c-8e26-9a4f46f3b89f,pouf.tires,available,5.99,78.99,medium,low,4,namesilo,,,09/09/2026 08:13
a00d13b0-e467-40ab-a080-6516206d11d9,iffy.tires,available,5.99,78.99,medium,low,4,namesilo,,,18/08/2026 09:22
01c890cc-e833-4cf1-a620-ea6f2d5bbede,looks.tires,available,5.99,78.99,high,low,5,namesilo,,,
477bd4c4-c1fc-420e-a74d-f605b9afd341,fourthly.tires,available,5.99,78.99,medium,low,8,namesilo,,,18/08/2026 13:50
9d79fd54-a613-4ae5-a37f-f2209260346b,bewitching.tires,available,14.99,132.99,medium,low,10,name.com,,,09/08/2026 18:19
7ce98b9e-9468-4109-8e84-6f3aa334a4e3,neighborly.tires,available,5.99,78.99,high,low,10,namesilo,,,03/09/2026 15:16
3315bbe6-e7ef-4b63-a476-356d4fa20764,exam.tires,available,5.99,78.99,high,low,4,namesilo,,,27/09/2026 03:51
2b4febe4-1850-4e84-9592-536f11630242,thirtieth.tires,available,5.99,78.99,medium,low,9,namesilo,,,
a6b0dc2c-c58e-4940-91c7-2628c06a22f9,journey.tires,available,5.99,78.99,high,low,7,namesilo,,,
4f68bf65-492c-4d56-85f2-6db52c219b55,guest.tires,available,5.99,78.99,high,low,5,namesilo,,,
36548c2b-d8e3-4ed8-9c41-375f16603d2e,mucky.tires,available,5.99,78.99,medium,low,5,namesilo,,,10/08/2026 17:06
0992ba89-6b2d-457c-b572-e88b9ff92657,finnish.tires,available,5.99,78.99,high,low,7,namesilo,,,18/08/2026 05:03
ef901a66-738d-49a6-8728-a40ec6400874,charming.tires,available,5.99,78.99,high,low,8,namesilo,,,12/08/2026 02:36
3da498c8-0e23-405a-9c7e-acfd48ff88ae,hitherto.tires,available,5.99,78.99,medium,low,8,namesilo,,,13/09/2026 21:48
87c2314f-1e4c-454a-ad57-7f6a649091f3,unwashed.tires,available,87.98,110.98,medium,low,8,namecheap,,,08/09/2026 21:02
b90e8160-977a-4443-a82b-e26cf06eaa07,subaltern.tires,available,5.99,78.99,medium,low,9,namesilo,,,22/08/2026 14:29
b47a6592-3cea-4274-95e7-1d58aa10c49e,slyness.tires,available,5.99,78.99,medium,low,7,namesilo,,,13/08/2026 10:43
2b3bb310-b3b7-4032-80f3-d319115dfbd5,elite.tires,available,5.99,78.99,high,medium,5,namesilo,,,24/09/2026 13:43
1a01e30b-151c-4c62-b7f7-a45807b9b23a,voluptuary.tires,available,5.99,78.99,medium,low,10,namesilo,,,24/08/2026 12:27
e4c5b6ca-12ac-47d3-a842-0f13344e95ba,aeolis.tires,available,5.99,78.99,low,low,6,namesilo,,,17/09/2026 12:32
2661fccd-8db5-488f-82a3-bf6ec011adfd,swimmer.tires,available,5.99,78.99,high,low,7,namesilo,,,22/09/2026 13:29
bfc2e1d5-8fd3-4e60-85db-d37be7b349c2,corrective.tires,available,5.99,78.99,high,low,10,namesilo,,,23/09/2026 23:46
eef09466-d37c-4254-b5bb-acd94d6ea150,bucolic.tires,available,5.99,78.99,high,low,7,namesilo,,,06/08/2026 14:14
4f8487ae-d62d-48ab-82b6-9ab998e01d15,entirely.tires,available,5.99,78.99,high,low,8,namesilo,,,
7856ed2e-e74e-4203-ad51-5692c8034860,lawless.tires,available,5.99,78.99,medium,low,7,namesilo,,,
a31f9553-1f99-455b-b8ca-54a1ac9abf51,countless.tires,available,5.99,78.99,high,low,9,namesilo,,,24/09/2026 00:28
a30f7738-6b55-4806-9ff8-b7d7d38e6c8c,lover.tires,available,87.98,110.98,high,low,5,namecheap,,,23/09/2026 10:15
76d9ae59-56a9-4b72-b9b7-7cde3c98a350,oftentimes.tires,available,87.98,110.98,medium,low,10,namecheap,,,14/09/2026 20:04
889c93e3-9f87-4cb9-ace4-4b977bdcfd65,todd.tires,available,5.99,78.99,high,low,4,namesilo,,,25/09/2026 09:07
e8920647-5c0c-4488-8e0f-cacf79f470eb,snapchat.tires,available,14.99,,high,low,8,name.com,,,
68c9a967-991b-4b1a-86ee-4207a39840b2,pedant.tires,available,5.99,78.99,medium,low,6,namesilo,,,09/09/2026 23:15
32e8b85e-1609-4304-bd81-c3a3bc0fc695,postbox.tires,available,5.99,78.99,high,low,8,namesilo,,,
1c7261b3-5b1a-4098-bbdd-8497ae223274,competing.tires,available,5.99,78.99,high,low,9,namesilo,,,
0cf7fe95-70a2-4a5f-b655-17367c8f0d71,tanned.tires,available,5.99,78.99,high,low,6,namesilo,,,11/08/2026 05:50
ff9b9805-2774-4973-8774-98b98f056e93,hop.tires,available,5.99,78.99,high,low,3,namesilo,,,25/09/2026 07:30
d6a319ce-7f3d-4bcc-bc5b-480f198d90cd,streetfighter.tires,available,14.99,,medium,low,14,name.com,,,
764152ed-4ae6-4d44-ad11-2ae6d6aee2f8,ingenuity.tires,available,5.99,78.99,high,low,9,namesilo,,,24/09/2026 15:35
0e9a3284-ec54-4a13-acae-490b7356a875,braille.tires,available,87.98,110.98,high,low,7,namecheap,,,24/09/2026 08:01
bd6cb131-1536-44d1-9fc9-e666fbab8504,cholera.tires,available,5.99,78.99,medium,low,7,namesilo,,,20/09/2026 14:08
163d9829-feec-41de-b911-2a5326e2e033,paintable.tires,available,5.99,78.99,medium,low,9,namesilo,,,04/09/2026 23:06
7a0b9110-4311-4144-88b4-cd27a03e141b,linnean.tires,available,5.99,78.99,medium,low,7,namesilo,,,23/08/2026 17:24
f8d77b0d-2ebd-4644-8c65-7a5110085302,beau.tires,available,14.99,132.99,high,low,4,name.com,,,13/08/2026 17:13
f3c7d400-6681-40f4-92f0-ea33b2e58943,cocker.tires,available,5.99,78.99,medium,low,6,namesilo,,,21/09/2026 13:01
46ca4cde-0de0-4a84-b226-99cdbae0d539,grabby.tires,available,5.99,78.99,medium,low,6,namesilo,,,07/08/2026 21:58
ee303a4c-6ff6-47bb-965b-dd8b55efc979,urine.tires,available,5.99,78.99,high,low,5,namesilo,,,28/09/2026 02:54
a5b02101-a90c-43b1-9977-4be8655484be,dusty.tires,available,5.99,78.99,medium,low,5,namesilo,,,14/08/2026 21:35
a9c703ab-76b5-4d70-a058-3197f4ccb1cc,plantal.tires,available,5.99,78.99,medium,low,7,namesilo,,,08/09/2026 20:48
e085dfd8-79c9-4635-a82d-cb973953a53d,perennial.tires,available,5.99,78.99,high,low,9,namesilo,,,08/09/2026 16:26
e5a0c87f-162d-402e-8595-a84d365c5b79,supply.tires,premium,102.67,102.67,high,low,6,spaceship,,,28/09/2026 08:29
becbdbf8-b29f-4c55-8b96-ad212361d7c3,attachments.tires,available,5.99,78.99,medium,low,11,namesilo,,,21/09/2026 01:43
e4bc978f-ffd4-4254-a0f4-2299df1591eb,grabbed.tires,available,87.98,110.98,medium,low,7,namecheap,,,27/09/2026 03:19
93dc5def-5892-4f84-8cae-e74c00398ac0,chair.tires,available,87.98,110.98,high,low,5,namecheap,,,25/09/2026 21:14
10b20b29-2040-426f-9b9f-53d9b507f7f5,containers.tires,available,14.99,132.99,medium,low,10,name.com,,,19/09/2026 01:32
fa266592-301d-40b3-a940-16761a3fdd86,woozy.tires,available,5.99,78.99,medium,low,5,namesilo,,,14/08/2026 14:06
825b4040-45bd-4a57-aa1e-82a58130385e,dysgenic.tires,available,5.99,78.99,low,low,8,namesilo,,,11/08/2026 12:30
29ccedc0-f6a4-44ad-81c2-5e228622dd25,sailor.tires,available,5.99,78.99,high,low,6,namesilo,,,
7ec2663e-371a-47cc-81db-c13680b5db20,betrayal.tires,available,5.99,78.99,medium,low,8,namesilo,,,23/09/2026 11:24
d057d107-e09a-46a3-8fc3-70c42fbaeed3,oriented.tires,available,87.98,110.98,high,low,8,namecheap,,,26/09/2026 00:29
6ff59443-ebe6-4820-b860-9f6f552c508f,ideally.tires,available,14.99,,high,low,7,name.com,,,
6bf8f286-e18d-4c85-9ba3-58e7cba01b58,onto.tires,available,5.99,78.99,high,low,4,namesilo,,,
0e772b03-ce85-4e75-b559-0e245b35e02d,hernandez.tires,available,5.99,78.99,high,low,9,namesilo,,,25/09/2026 16:13
7c4e2da2-d3b3-46f1-a92a-6d2eaaa9895f,governing.tires,available,14.99,132.99,high,low,9,name.com,,,20/08/2026 17:20
6001fa41-0d75-4aa7-919a-2c08ed92e8f2,ancestor.tires,available,5.99,78.99,high,low,8,namesilo,,,
4602c3d8-6a96-4ba1-afef-a9c45fbd2275,conference.tires,available,5.99,78.99,high,low,10,namesilo,,,
01f22a35-61a9-40b6-b0f6-2c9b5c6d3c80,luigi.tires,available,5.99,78.99,high,low,5,namesilo,,,27/09/2026 07:36
19d5bf33-8d87-4357-9f1f-e292ded29c83,wasting.tires,available,5.99,78.99,medium,low,7,namesilo,,,21/09/2026 00:58
694af191-e0b0-4816-9ce5-6b679b932957,developing.tires,available,14.99,132.99,high,low,10,name.com,,,24/09/2026 07:59
9937ad2a-5ec4-4b9b-b7a4-6a441c752afd,annexe.tires,available,5.99,78.99,high,low,6,namesilo,,,19/09/2026 10:24
58292ad4-0413-485c-b34e-17c09a6a16a4,anodyne.tires,available,5.99,78.99,medium,low,7,namesilo,,,
16ecad60-97cb-4644-b554-45f06e0dd692,rubinstein.tires,available,5.99,78.99,medium,low,10,namesilo,,,19/09/2026 15:30
d5b649e2-f879-4828-ae6c-654e58ee2c46,exclusive.tires,available,5.99,78.99,high,low,9,namesilo,,,17/08/2026 16:33
bd625d8a-9bbf-430e-ab40-8134e13aa555,belt.tires,available,5.99,78.99,high,low,4,namesilo,,,
845d2135-dd8b-43f7-956d-0bae53d94e26,never.tires,available,5.99,78.99,high,low,5,namesilo,,,
8710df1f-7cc5-4fce-804f-90cf8fd71981,bistro.tires,available,14.99,132.99,high,low,6,name.com,,,23/09/2026 22:13
e4a9ecb5-3973-4f48-9192-ca7f1a1392fb,endowment.tires,available,5.99,78.99,high,low,9,namesilo,,,
b21192a4-70eb-459f-83c8-a274bae8ab6b,storms.tires,available,87.98,110.98,medium,low,6,namecheap,,,17/09/2026 15:55
4ec5b2c7-4fe1-4e2b-8001-0202967a06af,meshing.tires,available,5.99,78.99,high,low,7,namesilo,,,22/08/2026 08:10
4d5c0a67-353a-4411-9910-8fc79cbae2f6,impeccable.tires,available,5.99,78.99,high,low,10,namesilo,,,18/08/2026 00:09
22d397b9-ca24-43e7-9eb2-051f7a334920,sheepdog.tires,available,14.99,,high,low,9,name.com,,,
b3b44bdb-4158-4082-9f30-9a4e76c5f892,abstractor.tires,available,87.98,110.98,medium,low,10,namecheap,,,16/09/2026 18:29
4577b2c4-9490-42e3-a9ee-54a08d925a4d,internal.tires,available,5.99,78.99,high,low,8,namesilo,,,25/09/2026 09:40
fe95e6ef-2100-475d-9f75-c7f0dcf4bd30,arachnida.tires,available,5.99,78.99,medium,low,9,namesilo,,,19/09/2026 23:41
11130bc5-5322-4d76-a761-209ca6ba6f6c,association.tires,available,70.2,70.2,high,low,11,cloudflare,,,27/09/2026 21:32
cd70799b-1717-461e-8bf3-94b4a53e40e8,faraway.tires,available,5.99,78.99,high,low,7,namesilo,,,17/08/2026 22:14
4a97e767-c795-4698-98bb-366cb824e901,specks.tires,available,5.99,78.99,medium,low,6,namesilo,,,20/09/2026 10:46
a3ae5915-a6eb-4fec-a390-b060bd5156a9,bahrain.tires,available,,,high,high,7,,,,
e8cf693c-3858-424e-9bb7-fb403aa4cf01,clams.tires,available,5.99,78.99,high,low,5,namesilo,,,24/09/2026 06:47
85ae054e-8c1a-43ae-a354-bdcc08cbc6c8,vengeful.tires,available,87.98,110.98,medium,low,8,namecheap,,,27/09/2026 13:56
63a8a502-51b7-472b-9ded-20d22887462d,pictorials.tires,available,87.98,110.98,medium,low,10,namecheap,,,20/09/2026 12:53
b25fdf23-d00b-4c9e-965c-69e30b0ef252,revolutionary.tires,available,72.44,72.44,high,low,13,spaceship,,,28/09/2026 07:08
cde96513-f60d-45cf-9ad2-36bd4ccdc863,personnel.tires,available,5.99,78.99,high,low,9,namesilo,,,27/09/2026 15:14
99bd8a50-cc33-4387-95c7-8368da33f374,studio.tires,available,5.99,78.99,high,medium,6,namesilo,,,26/09/2026 00:25
84cd15b8-29b8-4c2a-99f2-c8fad9c00cce,twentieth.tires,available,5.99,78.99,high,low,9,namesilo,,,21/09/2026 12:27
b3e497bf-c970-4930-9c8d-4e43965383b8,pedigree.tires,available,5.99,78.99,high,low,8,namesilo,,,08/09/2026 13:15
721b2f9a-a379-4fef-8ebc-6aba60b52ef1,represent.tires,available,5.99,78.99,high,low,9,namesilo,,,
2cfea58b-08b1-454e-91e6-b3473c9ff55e,luckily.tires,available,87.98,110.98,high,low,7,namecheap,,,13/09/2026 21:22
1d4619e9-5c40-47a6-8d25-765edeb8c6b8,monstrous.tires,available,5.99,78.99,medium,low,9,namesilo,,,07/08/2026 14:47
64ba6ba6-8d30-4224-92f6-9edceb500dbf,barbeque.tires,available,5.99,78.99,high,low,8,namesilo,,,
914c07f9-6145-4c28-89af-b09f4dbd681c,corridor.tires,available,5.99,78.99,high,low,8,namesilo,,,
30cc2812-6884-4e5b-9419-60f6bad4be23,venice.tires,available,5.99,78.99,high,low,6,namesilo,,,28/09/2026 03:15
57b287ea-29a6-4fc6-b3d9-f073c083c1e4,cupidity.tires,available,5.99,78.99,medium,low,8,namesilo,,,21/09/2026 08:48
2dccc530-46b0-4426-babe-a5ea57195e7c,tubular.tires,available,5.99,78.99,medium,low,7,namesilo,,,11/08/2026 17:14
1a610c24-e43a-4f2d-9ff3-a1e5ee12b7e0,demoted.tires,available,5.99,78.99,low,low,7,namesilo,,,21/09/2026 05:02
3220e0b9-b552-4034-8718-b9a33de48482,abuser.tires,available,87.98,110.98,medium,low,6,namecheap,,,16/09/2026 19:17
ff0a2e4d-7330-4087-8d1e-c8ac13098964,brass.tires,available,14.99,,high,low,5,name.com,,,
0f5897ba-e216-4f86-bafc-07bc5dc7cf77,lyrate.tires,available,5.99,78.99,medium,low,6,namesilo,,,24/08/2026 12:39
0127985e-d554-4df7-a69e-b19aee49d3ca,annually.tires,available,5.99,78.99,high,low,8,namesilo,,,
e2da8b12-51b8-4f1a-9a56-502e8814a66b,players.tires,available,5.99,78.99,high,low,7,namesilo,,,
fbe282ec-8264-4c71-b801-f55d493d62d4,katie.tires,available,5.99,78.99,high,low,5,namesilo,,,25/09/2026 13:27
eab97383-3316-4265-b661-0a0da7ca5a16,lovesome.tires,available,5.99,78.99,medium,low,8,namesilo,,,
99800f5e-ebc7-47d3-9d82-1dd147c93f7f,balagan.tires,available,5.99,78.99,medium,low,7,namesilo,,,21/09/2026 20:48
e2f7ce6d-ea79-43c7-abde-2490dbf27536,towels.tires,available,5.99,78.99,high,low,6,namesilo,,,18/09/2026 12:23
15aac70b-b70f-4058-839a-fd941216a84c,aurochs.tires,available,5.99,78.99,medium,low,7,namesilo,,,21/09/2026 04:34
610d3679-5cfe-4453-ab27-ab58b1c6052f,reticulate.tires,available,5.99,78.99,high,low,10,namesilo,,,09/09/2026 15:32
5d085c8b-7e65-4ccd-9f6d-818a0c3a7de5,grill.tires,available,8.24,72.61,high,low,5,porkbun,,,28/09/2026 05:54
d1808ae0-aba2-4a5d-b3ea-57488d5805bb,unfortunate.tires,available,5.99,78.99,medium,low,11,namesilo,,,26/09/2026 03:07
7eaf8382-1709-45fb-9110-e89f44d8bad7,until.tires,available,5.99,78.99,medium,low,5,namesilo,,,
28322454-183a-4e84-b19c-2292a708a501,baleful.tires,available,5.99,78.99,medium,low,7,namesilo,,,08/08/2026 09:39
d55f9dc0-548f-421c-a482-f3a6540ef2cd,semisolid.tires,available,5.99,78.99,medium,low,9,namesilo,,,10/09/2026 03:26
7360d3aa-69c8-413f-a46d-a4b3e49a4c68,blistering.tires,available,5.99,78.99,high,low,10,namesilo,,,
0b9dde96-b87d-49d8-8bd3-8b9ba4eab449,sapodilla.tires,available,5.99,78.99,medium,low,9,namesilo,,,17/09/2026 00:57
77bdc3b0-2bcc-41d9-8529-b95481c67e4a,laurel.tires,available,5.99,78.99,high,low,6,namesilo,,,20/09/2026 11:06
bac467c8-f1f8-4011-b303-300a20141913,weigh.tires,available,87.98,110.98,high,low,5,namecheap,,,28/09/2026 02:22
7ad0ae55-2a19-4616-a864-983839133afc,shellproof.tires,available,14.99,132.99,medium,low,10,name.com,,,10/08/2026 18:11
e571223b-9b11-4811-9748-39c41ceb8b55,focus.tires,available,5.99,78.99,high,medium,5,namesilo,,,19/09/2026 06:53
9d8f83a7-f28d-48c8-b51a-d2e7af272448,apiculture.tires,available,5.99,78.99,medium,low,10,namesilo,,,19/09/2026 15:54
e43ee059-2714-45b2-beed-a2bec3dc4b0a,whim.tires,available,5.99,78.99,high,low,4,namesilo,,,24/09/2026 12:39
217a3775-5aa6-4808-9d5e-eb15fc14e7ee,wildcat.tires,available,5.99,78.99,high,low,7,namesilo,,,11/08/2026 07:09
033b6b22-543b-418a-b872-50ee3c3f0684,stoical.tires,available,87.98,110.98,medium,low,7,namecheap,,,10/09/2026 20:59
a40e4b00-6983-407b-b882-92cbf21e06b6,hoard.tires,available,5.99,78.99,medium,low,5,namesilo,,,12/08/2026 16:57
f81fc8ad-a59f-4450-9a2c-79ad2eb442da,speckled.tires,available,5.99,78.99,medium,low,8,namesilo,,,14/08/2026 16:34
b6358fed-6de3-4471-877d-8792d2c60e82,hobble.tires,available,5.99,78.99,medium,low,6,namesilo,,,23/08/2026 13:26
bfae1302-e28e-4b11-97c1-7a2047f0886f,raunchy.tires,available,5.99,78.99,medium,low,7,namesilo,,,09/08/2026 09:41
1e7c2afd-d843-41f1-9951-696b000190ee,cryptical.tires,available,5.99,78.99,medium,low,9,namesilo,,,11/08/2026 12:19
a306111b-5126-430f-9af5-c03fc7dff76c,biff.tires,available,5.99,78.99,medium,low,4,namesilo,,,23/09/2026 13:51
6c8869c1-c8fb-4916-a533-175fc00b4943,sinclair.tires,available,5.99,78.99,high,low,8,namesilo,,,25/09/2026 04:16
f6578701-9b6b-4f4a-92b5-a6a231379322,likewise.tires,available,5.99,78.99,high,low,8,namesilo,,,22/09/2026 00:06
7f9dbdd1-32b7-455d-be1a-981eefba84a6,airflow.tires,available,5.99,78.99,high,low,7,namesilo,,,17/09/2026 22:13
819cca60-df68-4a2a-b344-f92c21c673c4,bated.tires,available,5.99,78.99,medium,low,5,namesilo,,,09/08/2026 00:22
69c74681-ef62-4871-9f5a-70a9b77050c5,abkhazian.tires,available,5.99,78.99,medium,low,9,namesilo,,,
57b4fef8-2b3f-498e-bddf-109fd5cb0309,nodded.tires,available,5.99,78.99,medium,low,6,namesilo,,,18/09/2026 03:34
2bc97830-d0d1-4255-8f6f-a3a5c240844e,improvise.tires,available,87.98,110.98,high,low,9,namecheap,,,21/09/2026 16:45
b3afcc30-a0d7-400e-9892-9134e54bb49b,unyielding.tires,available,5.99,78.99,high,low,10,namesilo,,,14/08/2026 15:01
f727da04-dedd-414f-984a-55e4cf7f06ce,unshaken.tires,available,5.99,78.99,high,low,8,namesilo,,,12/09/2026 07:04
6e139610-3bad-4328-895e-3828cf4aa359,appetence.tires,available,5.99,78.99,medium,low,9,namesilo,,,19/09/2026 20:44
f0caf32b-602d-463d-a4c3-4ef3c24bccf4,gears.tires,available,14.99,,high,low,5,name.com,,,
1ec032fa-9031-4b68-b70c-8db55055a2c2,cryonic.tires,available,5.99,78.99,medium,low,7,namesilo,,,13/08/2026 09:37
b1af63d1-223c-4668-b4d3-785bb3d4381d,observation.tires,available,5.99,78.99,high,low,11,namesilo,,,28/09/2026 07:02
641a67e9-7f3f-4288-9e1f-c48121aaa3dd,savior.tires,available,5.99,78.99,high,low,6,namesilo,,,24/09/2026 14:49
c28bacc0-4ebd-44e3-9c79-483f6b36bead,bimonthly.tires,available,5.99,78.99,high,low,9,namesilo,,,09/08/2026 22:42
18b141bf-18ac-46f6-9ac9-d637b2356242,waive.tires,available,5.99,78.99,high,low,5,namesilo,,,18/08/2026 11:49
2b28eacb-c19b-4b81-b76e-bc03ebb975b9,successful.tires,available,5.99,78.99,high,low,10,namesilo,,,28/09/2026 01:49
9a997867-6eb3-4bb1-8e72-ecafae1b9346,beigel.tires,available,87.98,110.98,high,low,6,namecheap,,,21/09/2026 17:54
1c40dabb-b473-4381-ad22-be05f4f56b5e,invoice.tires,available,87.98,110.98,high,low,8,namecheap,,,28/09/2026 08:16
548aef4e-af96-403e-9145-bb5368bff5c6,sensors.tires,available,87.98,110.98,medium,low,7,namecheap,,,28/09/2026 09:09
919908be-2ae6-4524-bdfa-419c62b245c1,straining.tires,available,5.99,78.99,medium,low,9,namesilo,,,10/09/2026 21:43
d9503aec-d163-4567-aa83-682dd5f6e7ea,amyl.tires,available,5.99,78.99,medium,low,4,namesilo,,,19/09/2026 00:29
2806466f-4e91-4b61-bbce-2f3c5badb39b,gatherer.tires,available,87.98,110.98,medium,low,8,namecheap,,,16/09/2026 23:20
a4dfeb7f-8637-4329-825b-b8b96867ec40,unhearing.tires,available,14.99,132.99,medium,low,9,name.com,,,13/08/2026 19:50
7bf23c6b-7778-46ba-9586-fde148d0f0a6,narratives.tires,available,5.99,78.99,medium,low,10,namesilo,,,20/09/2026 10:13
b29d8bb0-5adf-4d2b-8f84-f486b6d8168e,rhetorical.tires,available,5.99,78.99,high,low,10,namesilo,,,09/09/2026 16:37
d6c9aa4a-6ca6-4a47-b7b4-3f5203bb95d9,canadian.tires,available,5.99,78.99,high,low,8,namesilo,,,23/09/2026 12:40
cea7c164-fdf0-44a9-a68a-214928011fe3,fondness.tires,available,87.98,110.98,high,low,8,namecheap,,,17/09/2026 14:17
5321e124-3a85-456d-8dec-6e00bd11e6d7,stated.tires,available,87.98,110.98,high,low,6,namecheap,,,10/09/2026 19:08
dc542851-45e0-41ce-bde1-7ad114d104e8,abampere.tires,available,87.98,110.98,medium,low,8,namecheap,,,16/09/2026 13:54
65db4466-d888-4813-a212-7f294311b020,engulf.tires,available,87.98,110.98,medium,low,6,namecheap,,,10/09/2026 19:51
0b2f9800-2f24-4b4b-b787-a1d4205084fd,sexed.tires,available,5.99,78.99,medium,low,5,namesilo,,,10/09/2026 05:13
6009946a-2658-45aa-9762-95a0f9f7ad1f,defect.tires,available,5.99,78.99,high,low,6,namesilo,,,24/09/2026 05:34
d0bf0c19-28f7-4d92-b367-291c04ccfe40,aerology.tires,available,5.99,78.99,medium,low,8,namesilo,,,17/09/2026 13:08
3b92faad-7155-4a82-ba85-f96470fd89b3,grecian.tires,available,14.99,132.99,high,low,7,name.com,,,20/08/2026 19:44
a572cebf-2033-4cbd-93b0-bb8425525418,umbilical.tires,available,5.99,78.99,high,low,9,namesilo,,,11/09/2026 23:00
97af728f-4834-4f67-b0f0-13a27da277fd,roger.tires,available,5.99,78.99,high,low,5,namesilo,,,
ca69a2a2-18e7-428a-86a8-af331d5507cf,aground.tires,available,5.99,78.99,medium,low,7,namesilo,,,
9d9750b8-1a5a-435f-a463-93853a93d4f1,bierce.tires,available,5.99,78.99,medium,low,6,namesilo,,,18/09/2026 17:23
261284f5-09b3-4c66-a1ec-e3dd238d4aec,nights.tires,available,5.99,78.99,high,low,6,namesilo,,,17/09/2026 22:10
61e58be6-e5af-4c29-9386-2b8996a11ee1,gray.tires,available,87.98,110.98,high,low,4,namecheap,,,24/09/2026 22:57
f717b27e-0c6d-4f09-bf49-a8cf85d51985,pathogenic.tires,available,5.99,78.99,medium,low,10,namesilo,,,22/08/2026 04:17
4cdb684a-e478-4f80-abc0-18e0c3e7d3fb,faker.tires,available,5.99,78.99,medium,low,5,namesilo,,,09/09/2026 05:01
4601d7ad-826b-4b5a-a866-23b4551c13d6,jejune.tires,available,5.99,78.99,medium,low,6,namesilo,,,22/08/2026 12:45
d442655f-3b6b-43a3-a1d5-d61978d37494,squab.tires,available,5.99,78.99,medium,low,5,namesilo,,,10/09/2026 17:08
8a815848-9c37-477d-a4a1-1bb907200451,inevitable.tires,available,5.99,78.99,high,low,10,namesilo,,,25/09/2026 09:24
f3e0a408-6a92-4769-8a16-5405644e31f0,carnal.tires,available,5.99,78.99,high,low,6,namesilo,,,
c9813172-e03a-4d58-8494-fbc247d719ba,stably.tires,available,5.99,78.99,high,low,6,namesilo,,,16/09/2026 06:43
6e7ff33a-9bf2-450a-81cb-a98d3a47a8cc,protest.tires,available,5.99,78.99,high,low,7,namesilo,,,
1da7d27b-886e-49e8-991d-bcfe97afb19b,necessarily.tires,available,5.99,78.99,medium,low,11,namesilo,,,
dd3615fb-1559-4280-8ebb-a99bf52b6e92,benzoate.tires,available,87.98,110.98,medium,low,8,namecheap,,,23/09/2026 08:56
9bb3a01b-c647-48c0-83f6-11a5fb9c0de2,hormonal.tires,available,5.99,78.99,medium,low,8,namesilo,,,21/08/2026 14:02
18be64b9-c518-4299-849a-ec3e39bd7d0d,nottingham.tires,available,5.99,78.99,high,low,10,namesilo,,,26/09/2026 00:49
d3aacd16-9a33-45a7-8cf5-9c815c9a83a0,elfish.tires,available,5.99,78.99,medium,low,6,namesilo,,,16/08/2026 03:41
2949c38b-a945-4938-96b4-c15a37bb0085,alcoholic.tires,available,5.99,78.99,high,low,9,namesilo,,,
cc21166c-6153-4c79-a682-33902e308961,deeds.tires,available,72.44,72.44,high,low,5,spaceship,,,27/09/2026 12:56
e5768c15-3cbb-4c9a-92d8-fc57f1c99601,questions.tires,available,8.24,72.61,high,low,9,porkbun,,,28/09/2026 07:02
2e76eeb8-7c8e-4e00-b6ef-11476ab5e608,allentown.tires,available,5.99,78.99,medium,low,9,namesilo,,,18/09/2026 10:52
f6632740-2fb6-4c7a-a2ba-3918ab4f9a32,epistemic.tires,available,5.99,78.99,medium,low,9,namesilo,,,17/08/2026 11:13
00d7a3c4-89e5-4d20-91d8-ce12b24c0354,reputable.tires,available,5.99,78.99,high,low,9,namesilo,,,09/09/2026 14:45
9d2b442f-f831-4c1a-b663-22b5ec988fd1,baritone.tires,available,5.99,78.99,medium,low,8,namesilo,,,08/08/2026 19:36
32b1d7b6-3904-41d1-856a-7c0944c2827e,anson.tires,available,70.2,70.2,medium,low,5,cloudflare,,,28/09/2026 07:57
89e2c7d8-5532-4714-8559-958e1e5f8a5a,hedonistic.tires,available,5.99,78.99,medium,low,10,namesilo,,,21/08/2026 05:56
08f6d79d-a4a6-4150-aee4-5215845d8ef3,browbeat.tires,available,5.99,78.99,medium,low,8,namesilo,,,11/08/2026 08:53
bcd56246-8eec-4917-8d7b-3c6690b8a5a9,tooth.tires,available,87.98,110.98,high,low,5,namecheap,,,19/09/2026 18:20
2f2c4fec-1e4e-443e-bdff-97e85c809e93,imperfect.tires,available,5.99,78.99,high,low,9,namesilo,,,21/08/2026 22:10
ac121d63-7908-4469-9d19-af37ab3dbe6b,geological.tires,available,5.99,78.99,high,low,10,namesilo,,,18/08/2026 22:28
01f76ad5-d9f7-41dc-94c7-1e78f5f929e8,signals.tires,available,5.99,78.99,high,low,7,namesilo,,,27/09/2026 09:40
46521d91-5575-4a31-ae50-3f8ca7a6dad1,hitting.tires,available,5.99,78.99,high,low,7,namesilo,,,25/09/2026 07:22
551b4fc2-6f00-4ab8-82ee-3b502ed2f242,richly.tires,available,5.99,78.99,high,low,6,namesilo,,,13/09/2026 19:38
f9ddb42f-9658-4d03-9715-1af8566db363,qualify.tires,available,72.44,72.44,high,low,7,spaceship,,,28/09/2026 06:57
6e8a2cd4-2cab-4875-8681-35f98a6c2a34,homy.tires,available,5.99,78.99,medium,low,4,namesilo,,,21/08/2026 11:08
a89214b1-3b1e-4162-9bc3-07820df218b1,emollient.tires,available,5.99,78.99,medium,low,9,namesilo,,,14/08/2026 01:39
f29c35e6-de87-44fd-bc32-b2dd6db83919,wong.tires,available,5.99,78.99,medium,low,4,namesilo,,,26/09/2026 03:13
aea60d95-4fff-41b7-adb1-5e3aa2b7ad83,jadestone.tires,available,5.99,78.99,high,low,9,namesilo,,,22/08/2026 11:54
f183312e-dd37-4834-8ac2-0e7977459e18,scenes.tires,available,5.99,78.99,medium,low,6,namesilo,,,18/09/2026 15:27
94cfb86f-1bf0-4bdd-9d3a-8b917718f6ef,observance.tires,available,5.99,78.99,high,low,10,namesilo,,,12/08/2026 00:35
909d60b8-9489-4fcb-91a0-20b20378eac6,aplite.tires,available,5.99,78.99,medium,low,6,namesilo,,,19/09/2026 17:42
d53d81e5-ae1b-489d-bd15-e1038ca06719,bise.tires,available,87.98,110.98,medium,low,4,namecheap,,,23/09/2026 21:37
b5b59652-c0f1-4f93-870d-690ea5b035e7,generous.tires,available,14.99,132.99,high,low,8,name.com,,,18/08/2026 21:29
156c3a8e-6f77-4a09-b4d8-1eaef08de8c5,unequal.tires,available,5.99,78.99,medium,low,7,namesilo,,,22/08/2026 00:15
899619c6-27e9-49ac-9253-88feed1e7158,walls.tires,available,5.99,78.99,high,low,5,namesilo,,,25/09/2026 16:16
2205eb0c-24ba-4927-9659-14e8ed578a7f,quieted.tires,available,5.99,78.99,medium,low,7,namesilo,,,20/09/2026 16:24
bb347330-3152-4fde-8376-6534f1843b0f,deprived.tires,available,5.99,78.99,medium,low,8,namesilo,,,14/08/2026 02:45
36735f25-f5e4-4927-ae18-2bdd2e4ec197,akhbari.tires,available,5.99,78.99,medium,low,7,namesilo,,,17/09/2026 23:56
a6073178-eecf-45d3-a1f6-bd7075b3dedd,rampantly.tires,available,5.99,78.99,medium,low,9,namesilo,,,13/09/2026 11:58
1ff7e6c5-db92-4772-bcc5-5ec1bfc9b900,lollygag.tires,available,5.99,78.99,medium,low,8,namesilo,,,11/09/2026 08:29
688bdb4e-7706-4412-af2f-b534f712cb7a,septic.tires,available,5.99,78.99,high,low,6,namesilo,,,22/08/2026 04:07
79487930-c4aa-4ec9-aa85-e9d43712ec2c,vaccination.tires,available,5.99,78.99,high,low,11,namesilo,,,
734c9489-81fa-45c4-9830-b058de064120,published.tires,available,5.99,78.99,high,low,9,namesilo,,,27/09/2026 07:35
f2f62d25-5932-4fea-ba6d-83d1bd48e661,unnamed.tires,available,5.99,78.99,medium,low,7,namesilo,,,03/09/2026 12:56
5d3f72d1-c37a-4cd5-92ee-d9b7c5108f7d,cares.tires,available,5.99,78.99,medium,low,5,namesilo,,,27/09/2026 02:10
709060fc-77d8-4f80-8ba8-15a02debc103,monger.tires,available,5.99,78.99,medium,low,6,namesilo,,,22/09/2026 05:36
b3351e18-ae9d-43c0-b0a9-76873cf8573e,bonding.tires,available,87.98,110.98,high,low,7,namecheap,,,28/09/2026 09:11
90e426a2-a837-4bfb-9d7e-91ccb3907653,sterling.tires,available,87.98,110.98,high,low,8,namecheap,,,10/09/2026 20:14
90caf13d-3dc7-4adc-8bc6-e708d30231c6,alt.tires,available,5.99,78.99,high,medium,3,namesilo,,,18/09/2026 14:29
56357f6a-ee78-450e-a5cc-6217fc2c82e7,dvd.tires,available,5.99,78.99,high,low,3,namesilo,,,
15673a47-9a45-4cfa-97e5-653177eddae4,sensor.tires,available,5.99,78.99,high,low,6,namesilo,,,
703b8a11-dd07-4fd1-b99d-da80439d795d,optic.tires,available,5.99,78.99,high,low,5,namesilo,,,25/09/2026 23:58
d5b2db2d-92cf-4e5f-9b4a-112b75d096d5,iliac.tires,available,5.99,78.99,medium,low,5,namesilo,,,21/08/2026 18:45
0f595a8c-8f98-452e-9086-7d1803d14e0b,crackpot.tires,available,5.99,78.99,medium,low,8,namesilo,,,10/09/2026 00:10
a723fd3d-263c-4e15-8b93-6e06e5bc19a5,disorderly.tires,available,5.99,78.99,medium,low,10,namesilo,,,14/08/2026 11:51
400e5c1b-8f96-4104-a1e3-16166c2afc5a,intensity.tires,available,5.99,78.99,high,low,9,namesilo,,,28/09/2026 09:23
27280d42-cd5c-48c0-8535-7dfa6a55e300,spay.tires,available,5.99,78.99,medium,low,4,namesilo,,,03/09/2026 16:33
11b1866f-d090-420a-a6be-22e6409de150,conjunction.tires,available,5.99,78.99,high,low,11,namesilo,,,
0c7d481e-c20e-4bb4-96ba-3c106cfda478,alberti.tires,available,5.99,78.99,high,low,7,namesilo,,,18/09/2026 02:45
4c37a35b-cb85-42f7-ac99-622801fd302b,circuit.tires,available,5.99,78.99,high,low,7,namesilo,,,
cf388c9f-b265-4c69-b0ab-6e0aa4ae66e8,untrained.tires,available,5.99,78.99,medium,low,9,namesilo,,,12/09/2026 21:40
a17c1eb2-1642-451f-b5eb-19ea6f8af63b,gear.tires,available,5.99,78.99,high,low,4,namesilo,,,
a130c529-9dd9-4f27-a56b-e4dddde7a240,airstream.tires,available,5.99,78.99,high,low,9,namesilo,,,17/09/2026 23:23
c7eece5f-d25f-4cb8-a0f4-d7aad647ae89,operational.tires,available,8.24,74,high,low,11,dynadot,,,28/09/2026 07:11
1abc5b37-42fa-4f21-8996-2fa41d606231,delegation.tires,available,87.98,110.98,high,low,10,namecheap,,,24/09/2026 21:32
4ce486ad-03f1-452e-95a4-c4f873041f9c,tippy.tires,available,5.99,78.99,high,low,5,namesilo,,,13/08/2026 04:55
c43bdf5e-6006-4927-b764-a2a9bfe391cd,emily.tires,available,5.99,78.99,high,medium,5,namesilo,,,25/09/2026 14:07
aed4beb0-c82f-4b8e-a91c-c1d08b3f7603,supported.tires,available,70.2,70.2,high,low,9,cloudflare,,,28/09/2026 02:01
10d40b4c-b20d-43a3-88fd-d387f6124977,ebon.tires,available,5.99,78.99,medium,low,4,namesilo,,,14/08/2026 23:08
c87f3fcc-88b7-44dd-92c7-e70914d221e2,vespucci.tires,available,87.98,110.98,high,low,8,namecheap,,,18/09/2026 21:04
bfebacfb-76f3-4ae0-8147-df4520206ed0,dressing.tires,available,5.99,78.99,high,low,8,namesilo,,,22/09/2026 00:55
7a83d471-49b9-4901-a5ee-2e7253b939d8,beaming.tires,available,5.99,78.99,high,low,7,namesilo,,,09/08/2026 04:03
75d7e3d0-287d-4a28-8091-49ffe09fef05,rabbit.tires,available,5.99,78.99,high,low,6,namesilo,,,25/09/2026 08:52
61bed188-6893-4291-9331-de5d4705a602,mike.tires,available,14.99,,high,medium,4,name.com,,,
2dd72013-af9e-4145-9f54-2f2d36546147,formulated.tires,available,5.99,78.99,high,low,10,namesilo,,,18/08/2026 12:22
0668f346-c5d1-4b55-9579-b26511a0ac55,passes.tires,available,5.99,78.99,medium,low,6,namesilo,,,27/09/2026 02:49
8848ffb3-85ba-400d-94e6-6d95c816ddcf,sink.tires,available,5.99,78.99,high,low,4,namesilo,,,
b934458a-b38d-4bf1-be1a-a5f371e1811d,alaric.tires,available,5.99,78.99,medium,low,6,namesilo,,,18/09/2026 01:52
22a4fbae-cfcf-4966-ab84-4d94ab24dd2c,moses.tires,available,5.99,78.99,high,low,5,namesilo,,,19/09/2026 10:00
5371b89f-280a-4c15-a92e-720bc4a1bf06,politics.tires,available,5.99,78.99,high,low,8,namesilo,,,27/09/2026 05:03
b4856a4b-2879-4256-8e3f-e14324f2303a,descent.tires,available,5.99,78.99,high,low,7,namesilo,,,08/09/2026 13:07
69689c09-9f66-49b6-bed4-2a175de3a313,successors.tires,available,87.98,110.98,medium,low,10,namecheap,,,20/09/2026 05:21
c660608b-276a-4102-88b0-85f014491bfc,occidental.tires,available,5.99,78.99,medium,low,10,namesilo,,,21/08/2026 07:25
14c7603a-75a5-4d2c-a8dd-595ed667515b,bet.tires,available,5.99,78.99,high,medium,3,namesilo,,,23/09/2026 10:50
56704537-3009-45d0-b416-14f0ce14cb07,merit.tires,available,5.99,78.99,high,low,5,namesilo,,,
c3481deb-b471-4f17-89c1-383bd91f2bab,frighten.tires,available,5.99,78.99,medium,low,8,namesilo,,,17/09/2026 14:50
d818f944-bbf4-4a30-a44c-844380e2e858,aluminate.tires,available,5.99,78.99,medium,low,9,namesilo,,,18/09/2026 15:13
5f96bfc1-be35-4401-a831-139f4157656a,chivalrous.tires,available,5.99,78.99,high,low,10,namesilo,,,12/08/2026 06:14
076b25fa-5bcc-4f58-8538-503df23338fa,wendell.tires,available,8.24,72.61,medium,low,7,porkbun,,,27/09/2026 20:17
f35d83fb-45b6-4f81-999e-64361e35c3b7,xavier.tires,available,5.99,78.99,high,low,6,namesilo,,,25/09/2026 10:30
f45d46da-d11e-4c3b-8877-744951056011,inheriting.tires,available,5.99,78.99,medium,low,10,namesilo,,,22/08/2026 05:04
6e7fb66c-a2d1-4cf8-a2ac-d5f3e3465162,lhasa.tires,available,5.99,78.99,high,low,5,namesilo,,,24/09/2026 12:27
a78bc42a-9fb7-4c11-9609-c92c208cecdc,undying.tires,available,14.99,132.99,medium,low,7,name.com,,,13/08/2026 20:04
fe37fcc4-1646-4159-8295-24e4e2b4814f,splitting.tires,available,5.99,78.99,high,low,9,namesilo,,,09/09/2026 14:01
342d0dd2-9689-4249-a6bc-038f1c81fc5f,yelling.tires,available,5.99,78.99,high,low,7,namesilo,,,28/09/2026 06:53
c37951b2-fd58-4a2b-ae97-8dbba4550c6e,cheers.tires,available,5.99,78.99,high,low,6,namesilo,,,27/09/2026 06:11
99c2dcc2-d37b-46d0-87d9-1cbb8f81807c,scribble.tires,available,5.99,78.99,high,low,8,namesilo,,,24/09/2026 11:35
776e1120-429d-41e5-9efe-38aadce7d1cd,uppity.tires,available,5.99,78.99,medium,low,6,namesilo,,,12/09/2026 23:17
33d81810-93e2-45a5-a2ec-aafae448f18a,indigent.tires,available,5.99,78.99,medium,low,8,namesilo,,,14/08/2026 04:34
713f2ef2-f158-4cff-8263-d42182b956cc,tersely.tires,available,5.99,78.99,medium,low,7,namesilo,,,16/09/2026 08:13
b5c66d90-cefe-4c2b-b389-8c899dab892b,giovanni.tires,available,87.98,110.98,high,low,8,namecheap,,,25/09/2026 14:42
edd3724e-d7dc-4c36-9d1e-bd939521aa42,aquatic.tires,available,5.99,78.99,high,low,7,namesilo,,,06/08/2026 10:45
7d3ce91c-694d-4c66-8f22-f4db8b9ff6f6,wastebasket.tires,available,5.99,78.99,high,low,11,namesilo,,,
5eb08a57-79bd-4e93-981f-43e6337ec915,incensed.tires,available,5.99,78.99,medium,low,8,namesilo,,,22/08/2026 01:01
885ab015-5217-4832-a9b0-2ff3f0c3c43e,tight.tires,available,5.99,78.99,high,low,5,namesilo,,,09/08/2026 17:09
da9bab9b-af54-44be-9df8-7f2de7b2c142,barroom.tires,available,5.99,78.99,medium,low,7,namesilo,,,22/09/2026 03:34
c5571d09-366d-49ad-9d9a-d04c2a7edb07,wheezing.tires,available,5.99,78.99,medium,low,8,namesilo,,,07/08/2026 09:25
3c29132f-c262-4a1f-92e4-505a3454dac8,hazel.tires,available,5.99,78.99,high,low,5,namesilo,,,21/08/2026 01:45
4e30b474-28b5-46cd-9726-8cd0b7129518,pickings.tires,available,5.99,78.99,medium,low,8,namesilo,,,11/09/2026 07:21
a5442e5a-eae7-4e04-bb1e-d86cd0420164,trivial.tires,available,87.98,110.98,high,low,7,namecheap,,,24/09/2026 17:54
2584ae0f-b527-4956-83f6-cc329d8f6a34,ironical.tires,available,5.99,78.99,medium,low,8,namesilo,,,22/08/2026 10:06
a0b388d9-1257-4c0c-9793-70b7ecdecd16,paniculate.tires,available,5.99,78.99,medium,low,10,namesilo,,,05/09/2026 01:01
cf5fcccb-d14a-4d46-8b57-16ad70214668,snafu.tires,available,5.99,78.99,medium,low,5,namesilo,,,18/08/2026 17:20
601e9968-ab73-4e57-89df-e63609b75161,alchemic.tires,available,5.99,78.99,medium,low,8,namesilo,,,
178611bc-17f4-4c26-a079-b6d71ebcd935,remembering.tires,available,5.99,78.99,high,low,11,namesilo,,,
14236300-0dbf-4f08-a95c-d1a089e51d0d,birth.tires,available,5.99,78.99,high,low,5,namesilo,,,
38a4a6f5-6850-42e9-8777-40750a584171,comment.tires,available,87.98,110.98,high,low,7,namecheap,,,24/09/2026 16:29
6eedc4ee-0f24-42a7-9963-df8c6a144b64,tricks.tires,available,87.98,110.98,medium,low,6,namecheap,,,25/09/2026 17:54
7408065b-7e80-499a-a5ec-4881c2819638,capacity.tires,available,5.99,78.99,high,low,8,namesilo,,,24/09/2026 12:12
25559a2c-a058-4039-8313-0f27327db17d,ramp.tires,available,5.99,78.99,high,low,4,namesilo,,,18/09/2026 11:33
ebdc2f5c-29b3-496c-b2c1-c8fb3771fc49,invite.tires,available,5.99,78.99,high,low,6,namesilo,,,
0c06274e-f881-4610-b1da-398b1873f91b,coulomb.tires,available,87.98,110.98,medium,low,7,namecheap,,,18/09/2026 23:08
07dc1c2a-c77f-44c1-b36e-305540e6f20d,shaken.tires,available,5.99,78.99,high,low,6,namesilo,,,10/09/2026 05:44
8f1da3e4-b77f-4580-9865-fe23da6bb8f0,compared.tires,available,5.99,78.99,medium,low,8,namesilo,,,27/09/2026 09:01
e18177bb-e6a4-4f13-8192-2a0b7d33e90b,resident.tires,available,87.98,110.98,high,low,8,namecheap,,,03/09/2026 19:51
026d9161-a33d-4eb8-8d03-729aa7da6b50,become.tires,available,5.99,78.99,high,low,6,namesilo,,,
8951995f-4b4e-4ae8-aedb-dad03099a444,observant.tires,available,14.99,132.99,high,low,9,name.com,,,22/08/2026 21:19
14ee0180-c348-4365-9815-6485253bded4,twiggy.tires,available,5.99,78.99,medium,low,6,namesilo,,,11/09/2026 21:34
6785f1d3-ab13-4ff9-af72-a2cc28ca055b,blankly.tires,available,5.99,78.99,medium,low,7,namesilo,,,14/09/2026 00:13
0964d584-3680-4b08-bce2-0c82952f0013,victorian.tires,available,5.99,78.99,high,low,9,namesilo,,,27/09/2026 05:38
e0577d97-432e-4b81-b9d6-5c7ae9653d28,shockingly.tires,available,5.99,78.99,medium,low,10,namesilo,,,16/09/2026 01:31
267daee1-8998-4534-948a-5eb937251c7c,anatolia.tires,available,5.99,78.99,high,low,8,namesilo,,,19/09/2026 03:30
70e96361-d90a-4707-9a5a-574d2565aa0c,chronic.tires,available,5.99,78.99,high,low,7,namesilo,,,12/08/2026 07:24
217930e5-7b34-4151-9835-6b5339b4a779,sassy.tires,available,87.98,110.98,high,low,5,namecheap,,,04/09/2026 20:24
8630dbd7-3df0-494c-b2e8-1f0b2d8989fa,normality.tires,available,5.99,78.99,high,low,9,namesilo,,,
53ba4644-a150-45ba-af22-d07306210554,tropical.tires,available,87.98,110.98,high,low,8,namecheap,,,11/09/2026 20:24
1c4cf0e1-0553-4d0b-ab6a-f25dbfd1811e,uptight.tires,available,5.99,78.99,medium,low,7,namesilo,,,15/08/2026 09:30
b3449047-9667-4e76-970e-31623890e46a,stockings.tires,available,5.99,78.99,medium,low,9,namesilo,,,17/09/2026 08:14
46499e8f-f872-4b0e-a3f4-dc19e676ed22,amor.tires,available,5.99,78.99,high,low,4,namesilo,,,18/09/2026 22:37
3e3b48cc-4db3-451a-886f-d58f13b15f44,bonzer.tires,available,14.99,132.99,medium,low,6,name.com,,,10/08/2026 19:02
122bb967-6f31-432c-898a-886c942b0d6d,manuel.tires,available,5.99,78.99,high,low,6,namesilo,,,25/09/2026 15:00
9de88d14-31bf-4094-833c-e16fb844091d,wad.tires,available,5.99,78.99,high,low,3,namesilo,,,25/08/2026 00:49
13208d70-3995-4fd8-8bd0-135fda7737cd,mentally.tires,available,5.99,78.99,medium,low,8,namesilo,,,15/09/2026 14:13
900a7c35-8500-4c6f-8ebd-ced2569be010,polychrome.tires,available,5.99,78.99,high,low,10,namesilo,,,08/09/2026 23:11
ea94d256-6878-4222-9a14-8f2d20827621,ethel.tires,available,70.2,70.2,high,low,5,cloudflare,,,28/09/2026 07:21
33698d5d-a36d-4b4b-b817-92173609d4ab,door.tires,available,5.99,78.99,high,low,4,namesilo,,,19/09/2026 10:21
0580c327-f750-4dcd-9aa7-3b16d1111a30,scold.tires,available,5.99,78.99,high,low,5,namesilo,,,24/09/2026 16:34
21c721de-de85-4f56-ab42-8397655695b7,distorted.tires,available,5.99,78.99,medium,low,9,namesilo,,,13/08/2026 23:39
d7637faa-43bf-4ff6-b54e-356e2cbbcfcf,unbending.tires,available,5.99,78.99,medium,low,9,namesilo,,,12/09/2026 01:48
14237af2-36ea-45ff-9d7b-0f5664fdf05e,loops.tires,available,5.99,78.99,high,low,5,namesilo,,,17/09/2026 12:15
fa896321-f837-437b-838e-778275f43b13,jockey.tires,available,5.99,78.99,high,low,6,namesilo,,,24/09/2026 14:26
1dd46991-657e-4a76-aae2-131ab78760c7,arctic.tires,available,5.99,78.99,high,low,6,namesilo,,,06/08/2026 16:07
968f781a-4749-4dad-b664-1ec2957fed16,clouded.tires,available,5.99,78.99,medium,low,7,namesilo,,,12/08/2026 12:27
4b3b997e-9455-421f-85f1-aaa04b2a4106,stodgy.tires,available,5.99,78.99,medium,low,6,namesilo,,,18/08/2026 10:04
f1fa818b-b7f6-44fb-aa20-c7e545fd5e33,squat.tires,available,5.99,78.99,high,low,5,namesilo,,,25/09/2026 15:16
4f2fa04c-6c95-4806-8713-99442c236df1,retinal.tires,available,5.99,78.99,high,low,7,namesilo,,,09/09/2026 15:37
f9711c2b-9862-4586-9f31-5650abfc68b3,dripping.tires,available,5.99,78.99,high,low,8,namesilo,,,14/09/2026 14:32
9e01336f-d8c7-4e0a-9532-d40330fd4ba2,solemn.tires,available,5.99,78.99,high,low,6,namesilo,,,14/08/2026 22:33
d646fc12-cef8-4902-bbdf-cddb1de7593e,philippine.tires,available,5.99,78.99,high,low,10,namesilo,,,18/08/2026 04:21
c5f32b98-4b8e-4a77-bf01-09a61d3d9f21,bacchus.tires,available,5.99,78.99,high,low,7,namesilo,,,21/09/2026 14:02
0717adf7-3953-48bf-a631-9422e9ef678a,behrens.tires,available,87.98,110.98,high,low,7,namecheap,,,23/09/2026 03:56
b2556fe9-44ce-4da4-894d-4b8e29334a18,antlia.tires,available,5.99,78.99,medium,low,6,namesilo,,,19/09/2026 15:21
192a2364-6420-4fd7-9453-6219489f601f,owed.tires,available,8.24,72.61,high,low,4,porkbun,,,27/09/2026 17:35
21dcf70e-a7e4-4991-894d-bb92fa7854f1,ragweed.tires,available,5.99,78.99,medium,low,7,namesilo,,,23/09/2026 08:50
6629a8e0-67cb-4c93-a394-a5c4b61f559f,ignitable.tires,available,5.99,78.99,medium,low,9,namesilo,,,11/08/2026 10:46
753453c4-b2d4-446c-ac46-6b7dc78cb0f7,angostura.tires,available,5.99,78.99,medium,low,9,namesilo,,,19/09/2026 07:08
5cc33911-cfc5-4bba-a153-576035a39f59,satan.tires,available,5.99,78.99,high,low,5,namesilo,,,
01da48be-76df-4150-a633-4a4743662474,clench.tires,available,5.99,78.99,high,low,6,namesilo,,,24/09/2026 15:33
8a04ee85-166b-4a28-8a19-632afd2f57ee,amundsen.tires,available,5.99,78.99,medium,low,8,namesilo,,,19/09/2026 00:12
ab8c5c22-3c2d-4a3f-9878-825dc9c794e7,experiment.tires,available,70.2,70.2,high,low,10,cloudflare,,,28/09/2026 04:17
e4696808-0bcc-47f6-bf62-ccf8f5b4a4ff,craftsman.tires,available,87.98,110.98,high,low,9,namecheap,,,20/09/2026 11:49
124dc4fb-56df-4cdb-af83-2936cee812d4,plummet.tires,available,5.99,78.99,medium,low,7,namesilo,,,08/09/2026 21:42
7250341b-451f-4e31-a2bf-014ede418705,discoverer.tires,available,5.99,78.99,high,low,10,namesilo,,,20/09/2026 11:37
14097028-6811-4194-be05-a581b1f3c3b0,plunk.tires,available,5.99,78.99,medium,low,5,namesilo,,,15/09/2026 20:41
e25a0d0a-bd26-45eb-b226-40c60352a35f,workers.tires,available,14.99,,high,low,7,name.com,,,
fc0eb972-d37d-4f8c-9ba8-80fccb7556d8,brush.tires,available,5.99,78.99,high,low,5,namesilo,,,
58375021-f752-4a74-9171-30474d6a72e2,bradshaw.tires,available,72.44,72.44,high,low,8,spaceship,,,27/09/2026 18:05
35e794b5-5621-4565-9a2b-2478105094bc,hugely.tires,available,5.99,78.99,medium,low,6,namesilo,,,14/09/2026 15:49
dd20655d-9b79-4018-ab74-4b6001f9c715,endovenous.tires,available,5.99,78.99,medium,low,10,namesilo,,,17/08/2026 01:21
c925a22b-17ee-46ee-a316-056b3f8c5355,xxvii.tires,available,5.99,78.99,medium,low,5,namesilo,,,
e49bd159-edbe-463c-9fdc-7208da1df2b9,act.tires,available,5.99,78.99,high,low,3,namesilo,,,
02e932ce-46c6-4d39-99ae-62378e5d1510,hostelry.tires,available,5.99,78.99,medium,low,8,namesilo,,,21/09/2026 02:26
babfdb12-23a9-433c-bfac-0c2375a36038,videos.tires,available,72.44,72.44,medium,low,6,spaceship,,,28/09/2026 03:36
16199bd1-a176-4b32-bc48-f1afe65db42e,pattern.tires,available,5.99,78.99,high,low,7,namesilo,,,25/08/2026 02:49
8c181c12-49b1-40dc-8b16-d82d70bcbf3d,marked.tires,available,5.99,78.99,high,low,6,namesilo,,,25/09/2026 16:50
861831bb-e04b-4c86-8b52-4801bc12d604,checkered.tires,available,5.99,78.99,medium,low,9,namesilo,,,12/08/2026 03:38
9ef3067b-d433-4e7a-be91-5a42aeaba4c9,bland.tires,available,5.99,78.99,medium,low,5,namesilo,,,22/09/2026 21:44
5c808f7e-55a9-4efa-b814-936a12040316,bedpost.tires,available,5.99,78.99,high,low,7,namesilo,,,22/09/2026 23:29
02ed3622-933d-475b-b0cb-55fdc4a4810d,resolutely.tires,available,5.99,78.99,medium,low,10,namesilo,,,14/09/2026 11:12
25b3f536-8b7a-4480-b9e7-0056cc25731f,argument.tires,available,87.98,110.98,high,low,8,namecheap,,,20/09/2026 04:49
35bb8458-86f1-47bf-bcbc-fddc55039cdd,donee.tires,available,5.99,78.99,medium,low,5,namesilo,,,09/08/2026 14:26
9ae82faf-dc00-4d9f-a970-e15653cc7f7c,ivy.tires,available,5.99,78.99,high,low,3,namesilo,,,
da536e25-9e5c-4f32-ab5a-55aa1ed82e14,baya.tires,available,14.99,132.99,medium,low,4,name.com,,,22/09/2026 17:54
701e823a-457c-4967-9720-22e84c5a9e08,diamonds.tires,available,5.99,78.99,high,low,8,namesilo,,,
fa0eceda-1c8f-46c2-9e16-30fb0574bd48,hourly.tires,available,5.99,78.99,high,low,6,namesilo,,,25/09/2026 00:10
537edcb5-59f2-4c5b-8d54-955ad1ab51b7,patrician.tires,available,5.99,78.99,medium,low,9,namesilo,,,06/08/2026 19:34
d0f687a7-c08d-4dea-913d-2e51125db040,cove.tires,available,87.98,110.98,high,low,4,namecheap,,,24/09/2026 18:51
7df5888b-2e77-461e-a775-4e5c58bc532a,babbitt.tires,available,5.99,78.99,medium,low,7,namesilo,,,21/09/2026 12:17
ff5be494-d0fe-4550-99ec-cc7e07ef1515,acids.tires,available,5.99,78.99,medium,low,5,namesilo,,,
17aa1e6b-a052-4c7e-be07-fc88cd86c023,blithe.tires,available,5.99,78.99,high,low,6,namesilo,,,10/08/2026 14:37
8a569294-bcf1-4aed-addc-ba60e3c60c6f,platonic.tires,available,87.98,110.98,high,low,8,namecheap,,,08/09/2026 20:53
0dac0dec-03e8-4e96-baf2-5d144a316e06,endeavour.tires,available,5.99,78.99,high,low,9,namesilo,,,21/09/2026 01:16
1874d626-4ae5-4be6-91ce-3c6ba39e1bd6,scratch.tires,available,5.99,78.99,high,low,7,namesilo,,,16/09/2026 16:58
59534e2b-2c1d-4b10-9841-2baf62dc8ac1,nightfall.tires,available,5.99,78.99,high,low,9,namesilo,,,11/09/2026 21:44
a72814e9-9743-4c0d-9d0b-f4b064060207,rosacea.tires,available,5.99,78.99,medium,low,7,namesilo,,,17/09/2026 01:59
6bbbcb63-c323-42ff-b1f0-208bc8c6fbe0,bestowal.tires,available,5.99,78.99,medium,low,8,namesilo,,,23/09/2026 10:39
ecc4af34-5fb1-4394-bb80-3a26d820e127,bern.tires,available,5.99,78.99,high,low,4,namesilo,,,
97c629ba-4972-4fe4-a033-7747867281f2,wellness.tires,available,5.99,78.99,high,medium,8,namesilo,,,25/09/2026 02:52
93c5e03c-983d-417a-96de-67b2443ce024,unverified.tires,available,5.99,78.99,medium,low,10,namesilo,,,12/09/2026 22:13
f307882a-8518-4be6-a826-4c4eaf5e030a,ships.tires,available,5.99,78.99,high,low,5,namesilo,,,18/09/2026 14:07
25f270bb-4dd8-4fd0-8614-aca2ca0b15c2,trust.tires,available,5.99,78.99,high,medium,5,namesilo,,,25/09/2026 04:00
14c77528-21e6-4791-80bf-3677ac06de5a,factorial.tires,available,14.99,132.99,high,low,9,name.com,,,17/08/2026 20:29
54cab6e4-8e26-4db6-8b36-3b8a9ccae39b,phony.tires,available,5.99,78.99,medium,low,5,namesilo,,,08/08/2026 23:09
653fb2b3-cad9-4ad7-87fc-80e3fb6df850,variegated.tires,available,5.99,78.99,medium,low,10,namesilo,,,13/09/2026 01:18
1a39c64a-9526-40e9-879c-76625d906174,strapping.tires,available,5.99,78.99,medium,low,9,namesilo,,,09/08/2026 08:02
396e2c07-4cf3-46a4-8ec4-42ce52a236cf,amniota.tires,available,5.99,78.99,medium,low,7,namesilo,,,18/09/2026 22:27
20fa3a75-a78f-475f-9504-7ee87dafa751,painfully.tires,available,5.99,78.99,medium,low,9,namesilo,,,14/09/2026 13:22
47d9e50d-3631-4d7d-8f84-f9aa05c10278,steak.tires,available,14.99,,high,low,5,name.com,,,
b2405110-ee17-4b40-80ce-b2197548f221,soulful.tires,available,5.99,78.99,high,low,7,namesilo,,,10/09/2026 14:42
d6504fe7-5d09-4105-bdd7-564ede94af5f,victual.tires,available,14.99,132.99,medium,low,7,name.com,,,12/08/2026 18:51
d047225b-a54e-4e8a-acc3-bb5fb46ad82e,assessor.tires,available,5.99,78.99,high,low,8,namesilo,,,20/09/2026 16:19
e751a80f-a92b-4351-ba0f-a24d822839ff,barbershop.tires,available,5.99,78.99,high,low,10,namesilo,,,22/09/2026 04:52
f7942ac6-a8a7-4f43-9893-546041579414,forth.tires,available,5.99,78.99,high,low,5,namesilo,,,22/09/2026 14:59
99f6a78d-7f47-47a8-b29c-b428040ef4ed,omar.tires,available,5.99,78.99,high,low,4,namesilo,,,25/09/2026 15:21
5ee756a7-2eee-4da0-90e7-bede6e8485dd,dishes.tires,available,5.99,78.99,medium,low,6,namesilo,,,27/09/2026 02:34
c1888500-035d-4725-b067-abaaf0006e78,duck.tires,available,5.99,78.99,high,low,4,namesilo,,,
9ea93b97-af64-4742-928e-00269f0008c7,plenty.tires,available,5.99,78.99,high,low,6,namesilo,,,17/08/2026 09:49
f0087902-7d4f-4032-87a3-c03932368647,otto.tires,available,5.99,78.99,high,medium,4,namesilo,,,28/09/2026 04:33
1c96e637-aabe-41a9-9dcd-b4d69c326d22,aegir.tires,available,5.99,78.99,medium,low,5,namesilo,,,14/08/2026 22:18
53fb77e1-f1d7-49d7-a3e0-452919c43f09,arterial.tires,available,5.99,78.99,high,low,8,namesilo,,,06/08/2026 22:29
3182b3a3-ca5b-4a5b-a64b-6cd5b2285e29,patrol.tires,available,5.99,78.99,high,low,6,namesilo,,,25/09/2026 23:57
711344ec-3487-41aa-8ae4-6b82ea17ed4e,turds.tires,available,5.99,78.99,low,low,5,namesilo,,,18/09/2026 11:32
cf38faf2-e6d0-4eba-b078-91c3863d8b3e,payne.tires,available,5.99,78.99,high,low,5,namesilo,,,25/09/2026 13:00
23d84a13-e56e-4237-a7a4-c1f81723db6c,brigade.tires,available,5.99,78.99,high,low,7,namesilo,,,24/09/2026 10:19
aff6c808-2da4-4fb0-be48-5bae73b8072e,hospitality.tires,available,8.24,72.61,high,low,11,porkbun,,,28/09/2026 04:30
b7bcb20f-7f2f-4743-bcae-94d5cb31d2fd,banking.tires,available,5.99,78.99,high,low,7,namesilo,,,
4f2d28e8-6f43-4672-baab-826a30133d15,upended.tires,available,5.99,78.99,medium,low,7,namesilo,,,12/09/2026 23:06
f1502ffb-ea2b-44ab-9cc3-b9be3986de9d,deserving.tires,available,5.99,78.99,high,low,9,namesilo,,,14/08/2026 03:29
17f68ebd-56f5-4559-9522-fd6d1a2a79e7,metier.tires,available,5.99,78.99,high,low,6,namesilo,,,18/08/2026 12:29
96067ba3-be9c-4715-a8a1-33bd734e2bbe,checker.tires,available,5.99,78.99,high,low,7,namesilo,,,24/09/2026 13:59
54a615eb-1243-4ef1-86bc-debc0b597a52,righted.tires,available,87.98,110.98,medium,low,7,namecheap,,,20/09/2026 15:58
f6ed21d9-80ae-46e0-a358-761fc527dfa6,lullaby.tires,available,5.99,78.99,high,low,7,namesilo,,,23/09/2026 09:09
61c202ab-3af1-4f62-b8ad-86826294a54a,ethiopian.tires,available,5.99,78.99,high,low,9,namesilo,,,17/08/2026 13:47
a26c366e-972c-4c64-8174-2fd283187338,amputation.tires,available,5.99,78.99,medium,low,10,namesilo,,,18/09/2026 23:52
c068d871-d422-4df4-944c-204e1c718ebe,cordless.tires,available,5.99,78.99,high,low,8,namesilo,,,13/08/2026 01:04
f22278a7-3274-4461-996e-106114d1083b,fop.tires,available,14.99,132.99,medium,low,3,name.com,,,13/08/2026 17:09
d92f9d7c-d644-409b-9ca8-5e85315c1a07,shooting.tires,available,70.2,70.2,high,low,8,cloudflare,,,27/09/2026 21:17
b6ca4860-9843-4420-a3e2-71bce25ae632,dampen.tires,available,14.99,132.99,medium,low,6,name.com,,,13/08/2026 16:53
3114180a-e82d-46f7-b0fb-3c3a1f0982c6,taken.tires,available,5.99,78.99,high,low,5,namesilo,,,25/09/2026 10:20
9407b63d-9878-4017-b1cd-44dd70a916ca,plumbers.tires,available,5.99,78.99,medium,low,8,namesilo,,,20/09/2026 11:13
fbd8f2cc-0fb4-4dbd-804c-9626bf7352bc,gloaming.tires,available,5.99,78.99,medium,low,8,namesilo,,,11/09/2026 21:41
bf0223b5-7630-44cc-adbd-19aae659d1fb,anglomania.tires,available,87.98,110.98,medium,low,10,namecheap,,,19/09/2026 06:51
c52d5f9d-76d1-4db1-93ad-56d8c4f1240a,adjustable.tires,available,87.98,110.98,high,low,10,namecheap,,,21/09/2026 18:40
a3380cfa-37d9-453f-9908-fae847c8b553,interviewee.tires,available,5.99,78.99,medium,low,11,namesilo,,,
f91710db-7354-462c-8f94-031f35ba2a1a,region.tires,available,5.99,78.99,high,low,6,namesilo,,,
459144b7-9e6c-420c-b41f-3d5edbbccbfe,djia.tires,available,5.99,78.99,medium,low,4,namesilo,,,
1abb7eaa-f178-4d5c-9016-566fd7e62a89,chalky.tires,available,5.99,78.99,medium,low,6,namesilo,,,11/08/2026 13:39
00c7a0de-9eac-4780-afc4-331c75b32d29,onymous.tires,available,5.99,78.99,medium,low,7,namesilo,,,04/09/2026 15:26
9839dcd4-9e93-41ee-80ed-9f8f8e266a62,pen.tires,available,5.99,78.99,high,low,3,namesilo,,,27/09/2026 03:22
6f75870b-aec4-4f83-b275-e9d53ac5784c,fixed.tires,available,87.98,110.98,high,low,5,namecheap,,,24/09/2026 19:10
b6704dce-0279-4032-82e5-8aebe1eb9871,mania.tires,available,5.99,78.99,high,low,5,namesilo,,,
856ad586-d6e0-479c-a1f2-66d34d437aed,cod.tires,available,87.98,110.98,high,low,3,namecheap,,,23/09/2026 14:56
d5895736-e96f-4274-a91f-413b795dd91b,autotroph.tires,available,5.99,78.99,medium,low,9,namesilo,,,21/09/2026 07:36
4162226c-4426-4abd-b9bd-4ec0f2b362f8,categorical.tires,available,5.99,78.99,medium,low,11,namesilo,,,
ca81274b-0c51-4566-baf5-494d25580bdd,sticks.tires,available,87.98,110.98,high,low,6,namecheap,,,17/09/2026 01:53
0aaf978d-88f7-4e65-af78-b1dddc18ffcb,moron.tires,available,14.99,132.99,medium,low,5,name.com,,,21/08/2026 20:28
820ab9de-9d73-4432-a41a-c3fcffc1c132,baa.tires,available,5.99,78.99,high,low,3,namesilo,,,10/08/2026 13:40
3f9ea8f8-735f-4b99-86e8-f7627ea2a54c,crop.tires,available,87.98,110.98,high,low,4,namecheap,,,24/09/2026 19:07
dd248afc-e1a9-4108-a0c8-777f4bc51738,paintpot.tires,available,14.99,,medium,low,9,name.com,,,
9c282cd8-a3a1-4461-9c20-1ca9ec18f545,compensate.tires,available,5.99,78.99,high,low,10,namesilo,,,27/09/2026 15:05
0389f5f3-33ed-4ae0-93e5-1ad3721de61d,guns.tires,available,5.99,78.99,high,low,4,namesilo,,,17/09/2026 07:29
cb1a5502-ccbd-40bd-88e0-e95e2c383ede,watered.tires,available,5.99,78.99,medium,low,7,namesilo,,,25/08/2026 03:28
0ef30fdd-e41b-434d-9cf1-c440e7ae6ad8,scheming.tires,available,5.99,78.99,medium,low,8,namesilo,,,11/08/2026 14:03
66bb5483-5151-4fe5-a9b7-03eb1c69d7ba,miotic.tires,available,5.99,78.99,medium,low,6,namesilo,,,25/08/2026 01:00
54dcf450-0ee5-4c0f-a3a0-bd21f7725b0d,ape.tires,available,5.99,78.99,high,low,3,namesilo,,,
fa907255-c229-4030-b323-80e457422dfa,keyless.tires,available,5.99,78.99,medium,low,7,namesilo,,,22/08/2026 15:44
84b4fd85-c4ed-4769-a956-f2b0e5265dd1,caledonia.tires,available,5.99,78.99,medium,low,9,namesilo,,,27/09/2026 03:27
f7cce6c7-1f42-49b8-baf5-daff89f50190,angel.tires,available,14.99,,high,low,5,name.com,,,
a2d5c382-10ab-4876-b6f4-c8f3735bf7d8,gawky.tires,available,5.99,78.99,medium,low,5,namesilo,,,12/08/2026 13:06
cf0cf982-30d4-4fc1-bba8-cfcd1e727e81,made.tires,available,87.98,110.98,high,medium,4,namecheap,,,25/09/2026 16:01
a3fc707c-3d95-466f-a44a-df39426dd6c2,vacuum.tires,available,5.99,78.99,high,low,6,namesilo,,,
13ba3999-b2b5-44b7-877e-f8872b658568,intense.tires,available,5.99,78.99,high,low,7,namesilo,,,25/09/2026 09:55
9b46f824-d76a-4080-b875-909732d7295a,leprous.tires,available,5.99,78.99,medium,low,7,namesilo,,,23/08/2026 00:12
6d3e9d27-1a1c-47f0-b802-e8a473386bbd,literature.tires,available,5.99,78.99,high,low,10,namesilo,,,24/08/2026 02:03
8a574d2a-47ed-45fd-80c9-f909922dfb05,scrape.tires,available,87.98,110.98,high,low,6,namecheap,,,16/09/2026 16:59
d966b13b-3508-4668-8519-1ed466fea507,unspoken.tires,available,5.99,78.99,high,low,8,namesilo,,,03/09/2026 11:51
e803cb39-b786-444c-a3a4-592d0db05c31,packages.tires,available,14.99,132.99,medium,low,8,name.com,,,19/09/2026 00:23
531dec89-7a38-4a75-88ab-26cc4e507c69,endlessly.tires,available,5.99,78.99,high,low,9,namesilo,,,14/09/2026 06:09
23589eec-cb8c-4d5c-8f20-64581fed5ec8,touring.tires,available,5.99,78.99,high,low,7,namesilo,,,
efbd06b0-3c06-467a-a74b-f856359f7b27,flint.tires,available,5.99,78.99,high,low,5,namesilo,,,18/08/2026 08:20
2e0de0ea-b39b-44ea-a089-3192639a3d34,jammed.tires,available,5.99,78.99,medium,low,6,namesilo,,,22/08/2026 12:07
05e11491-4f9a-4ab7-9893-227c04f21a67,flatly.tires,available,5.99,78.99,medium,low,6,namesilo,,,14/09/2026 05:29
3a59bbcf-44d4-4dd2-af23-3b6d07c75379,spanking.tires,available,5.99,78.99,high,low,8,namesilo,,,11/08/2026 04:33
c3ce0ef4-5dbc-4e4b-93f3-bec5097d9313,chervil.tires,available,5.99,78.99,medium,low,7,namesilo,,,19/09/2026 13:55
0c71e587-e107-41cc-8763-0f6f9fd3d15a,sushi.tires,available,14.99,,high,low,5,name.com,,,
8676043d-9621-4f26-a1ca-116dcd087182,primate.tires,available,87.98,110.98,high,low,7,namecheap,,,20/09/2026 02:39
2f5cbece-cddd-4e6e-8922-dc4ea79193f2,bonhomie.tires,available,5.99,78.99,high,low,8,namesilo,,,17/09/2026 13:57
83a2d61a-2366-4872-88bf-f2913eaefa5d,leaflet.tires,available,5.99,78.99,high,low,7,namesilo,,,24/09/2026 07:08
9766582b-9e25-4fd4-84dd-aa3db727b2da,north.tires,available,87.98,110.98,high,low,5,namecheap,,,25/09/2026 23:09
3ed8552f-fc1b-4954-a61e-967b11171c6f,atticus.tires,available,5.99,78.99,high,low,7,namesilo,,,21/09/2026 01:46
48d98976-1906-4a66-b3ae-397aaa156bdf,download.tires,available,70.2,70.2,high,low,8,cloudflare,,,28/09/2026 06:58
8eef6b2b-94b8-4a18-ba13-df3a64282407,peccable.tires,available,5.99,78.99,medium,low,8,namesilo,,,08/09/2026 11:30
27576fce-13ac-4aab-9655-6790f8055903,wiley.tires,available,5.99,78.99,high,low,5,namesilo,,,27/09/2026 08:05
5ba6097e-1c50-413f-b75b-96502eca15d5,yum.tires,available,5.99,78.99,high,low,3,namesilo,,,
7cfd1961-46bf-41e5-a276-e65d25b64445,belted.tires,available,5.99,78.99,medium,low,6,namesilo,,,09/08/2026 14:02
0c45f71e-4ef3-4c39-b4e0-a8be45429fc3,doris.tires,available,5.99,78.99,high,low,5,namesilo,,,27/09/2026 03:46
2720ca11-bffe-4bfb-9d2d-80cb96a1f2e0,class.tires,available,14.99,,high,low,5,name.com,,,
87ab4b76-3f09-4799-803d-a304a8fd30cb,tetanic.tires,available,5.99,78.99,medium,low,7,namesilo,,,11/09/2026 12:08
360c6c69-37e3-4b99-a294-cd7aa15e5622,assets.tires,available,5.99,78.99,high,low,6,namesilo,,,20/09/2026 16:21
2f86ca69-6c59-4792-820b-0ce3a42cbb24,cleanser.tires,available,5.99,78.99,high,low,8,namesilo,,,24/09/2026 15:26
3d9a00a7-baff-43e1-acad-4d1f3507655d,millenary.tires,available,5.99,78.99,medium,low,9,namesilo,,,24/08/2026 23:13
6ca1e37c-9b83-4a86-9967-55ca0920daea,healthier.tires,available,87.98,110.98,high,low,9,namecheap,,,24/09/2026 19:03
5995ddb0-f290-4ebd-82a5-b17233f3f36f,lav.tires,available,5.99,78.99,medium,low,3,namesilo,,,09/09/2026 02:16
04693063-5104-4301-baf0-3adfe398ce02,ministrant.tires,available,5.99,78.99,medium,low,10,namesilo,,,24/08/2026 23:57
c218e5c3-7747-4416-bdd6-08cc82d7896b,armpit.tires,available,5.99,78.99,high,low,6,namesilo,,,20/09/2026 07:34
98b484e2-0513-4b44-a756-c9bc6734d5cb,flowers.tires,available,5.99,78.99,high,medium,7,namesilo,,,
0967cecc-ac6e-48a9-8a55-809cd1cc0b01,bitch.tires,available,5.99,78.99,high,low,5,namesilo,,,23/09/2026 00:22
44bfefc5-5669-46c9-918f-fbf41dab3f70,allegory.tires,available,5.99,78.99,high,low,8,namesilo,,,18/09/2026 10:41
5e8254a8-d631-49e1-bc63-eb3e9d8ad5ba,layered.tires,available,5.99,78.99,high,low,7,namesilo,,,22/08/2026 21:32
9add3794-c26c-4627-a46b-31c081cd2db6,ignore.tires,available,70.2,70.2,high,low,6,cloudflare,,,27/09/2026 23:32
3c66a0ad-adc3-4ab9-ae89-207f03d5fccc,resignation.tires,available,14.99,,high,low,11,name.com,,,
384681db-2e94-408f-b981-7082c090ad87,doze.tires,available,5.99,78.99,high,low,4,namesilo,,,24/09/2026 23:43
04129f28-b82a-42cd-b6fd-9804753af221,captive.tires,available,5.99,78.99,high,low,7,namesilo,,,
17e0db20-5a8b-4efb-9f23-e49b4c95d1bd,butch.tires,available,5.99,78.99,high,low,5,namesilo,,,11/08/2026 11:29
0fb83757-19b8-41dc-989a-d9cb4f647ec7,turin.tires,available,5.99,78.99,high,low,5,namesilo,,,26/09/2026 00:26
980fbd96-9cae-4662-b9ee-f2077f701e96,fluffy.tires,available,14.99,132.99,high,low,6,name.com,,,14/08/2026 17:46
bfc1673e-f373-4345-bd4b-5fd18bf45986,haptic.tires,available,5.99,78.99,medium,low,6,namesilo,,,21/08/2026 00:01
e743559d-e60a-444c-9b6b-609b28b77b60,envelope.tires,available,5.99,78.99,high,low,8,namesilo,,,25/09/2026 22:36
d9839a86-60bd-4d97-b420-a499de9d2629,potently.tires,available,87.98,110.98,medium,low,8,namecheap,,,15/09/2026 21:07
d0ec38a1-5ccd-4bff-bfef-739b56af6c0b,abseil.tires,available,5.99,78.99,medium,low,6,namesilo,,,16/09/2026 17:39
e82c313b-71c7-4da0-91d1-8e3a4374c468,numbly.tires,available,5.99,78.99,low,low,6,namesilo,,,15/09/2026 08:39
6c4aad6e-ffd9-4413-8f83-e7605150e9f3,gunner.tires,available,5.99,78.99,high,low,6,namesilo,,,20/09/2026 11:48
0be6ab48-745c-4f36-9118-09081e5b4308,supplier.tires,available,5.99,78.99,high,low,8,namesilo,,,
5e2c94e9-2d32-413f-8a33-1f72f1a98ed9,hypotonic.tires,available,5.99,78.99,medium,low,9,namesilo,,,21/08/2026 17:19
7189d4c2-8d92-4253-81a2-233e8bea9b42,subsonic.tires,available,5.99,78.99,medium,low,8,namesilo,,,11/09/2026 00:50
2b55ad7e-2363-49c9-b295-c2b2255a04aa,none.tires,available,5.99,78.99,high,low,4,namesilo,,,25/09/2026 23:02
68b944f8-f3cf-470d-a076-3a308391a926,socialised.tires,available,5.99,78.99,medium,low,10,namesilo,,,10/09/2026 13:14
0442f3ce-7e2b-43d1-b1a0-dffc4037f4e4,rocket.tires,available,5.99,78.99,high,medium,6,namesilo,,,
3d124c90-4576-4e35-8da7-01ab0eb610fa,display.tires,available,87.98,110.98,high,low,7,namecheap,,,25/09/2026 04:58
35940045-6115-4b0b-8909-b4488ae16cfa,pitchy.tires,available,5.99,78.99,medium,low,6,namesilo,,,12/08/2026 13:45
592d90c9-a605-4cb7-bdcc-b9844a0a2f05,leg.tires,available,5.99,78.99,high,low,3,namesilo,,,
276f24f4-2ce6-469a-bd70-7fa421dc8111,renew.tires,available,5.99,78.99,high,low,5,namesilo,,,19/09/2026 08:23
d6770c35-a077-41f0-a3f5-861a7f9016dd,acrophobia.tires,available,5.99,78.99,medium,low,10,namesilo,,,17/09/2026 03:53
32af4122-eece-4fc7-a116-6d330d0daa5a,uncovering.tires,available,5.99,78.99,medium,low,10,namesilo,,,22/09/2026 06:00
4a9dc468-8648-455e-b767-6b1737ed84ff,aramus.tires,available,5.99,78.99,medium,low,6,namesilo,,,19/09/2026 23:57
1e85c5a9-e9d0-4c7b-96eb-ed30feccc704,officious.tires,available,5.99,78.99,medium,low,9,namesilo,,,11/08/2026 11:26
05d97ffc-75f7-4033-a5f4-916fdf31caf1,braveness.tires,available,5.99,78.99,high,low,9,namesilo,,,24/09/2026 08:20
9725b05c-62c6-49d3-b735-f17e9e1c7f16,unladylike.tires,available,5.99,78.99,medium,low,10,namesilo,,,12/09/2026 14:39
4e8743f2-34ea-40f6-be4b-de177c826ead,adviser.tires,available,5.99,78.99,high,low,7,namesilo,,,
f9dd201e-7076-47d2-8280-e836561cd0dc,voluminous.tires,available,5.99,78.99,high,low,10,namesilo,,,13/08/2026 00:30
6e2ef096-417f-40df-a8bf-99dc3043c2fe,slushy.tires,available,5.99,78.99,medium,low,6,namesilo,,,09/08/2026 01:25
a1ac47aa-619a-4626-bf37-5b6fb5430da7,protocols.tires,available,5.99,78.99,medium,low,9,namesilo,,,19/09/2026 04:47
3e9300c3-9af8-4620-a24b-424d324c110b,brisk.tires,available,5.99,78.99,high,low,5,namesilo,,,11/08/2026 00:32
9d5199aa-9c87-49d6-8195-96e1159f9444,bioweapon.tires,available,87.98,110.98,medium,low,9,namecheap,,,23/09/2026 17:40
7dc0102d-fd7b-41ce-b994-985fa31ff884,terminating.tires,available,5.99,78.99,medium,low,11,namesilo,,,08/09/2026 14:51
cf1582be-0966-4b9b-a1d0-741df864374b,situations.tires,available,72.44,72.44,medium,low,10,spaceship,,,28/09/2026 04:50
14edd5cf-eb30-4cc9-8bfe-a9f815907be5,hornless.tires,available,5.99,78.99,medium,low,8,namesilo,,,21/08/2026 14:06
0f4c43d3-0aac-43fc-8520-a0aa2d2a1cbe,sheet.tires,available,5.99,78.99,high,low,5,namesilo,,,
cc0bbd66-014b-414b-9766-a29dbf406d38,chorus.tires,available,5.99,78.99,high,low,6,namesilo,,,
dc07db69-112f-4663-8c25-0879a89b16a6,unfading.tires,available,5.99,78.99,medium,low,8,namesilo,,,12/09/2026 09:53
d6efe501-775b-4c9f-9b33-0a3e79ba19d3,jovian.tires,available,5.99,78.99,medium,low,6,namesilo,,,22/08/2026 14:02
b92c66e6-06e8-46f2-bdc8-e2f634805066,wheezy.tires,available,5.99,78.99,medium,low,6,namesilo,,,07/08/2026 09:31
b5586834-409a-4206-9fa4-f13cf78643ad,richie.tires,available,72.44,72.44,high,low,6,spaceship,,,28/09/2026 04:39
368eccb6-77c3-4b07-b441-738ad202a684,everbody.tires,available,5.99,78.99,medium,low,8,namesilo,,,
146b7461-20ca-41d0-9342-cbf8bfbe0bb5,blacksmith.tires,available,87.98,110.98,high,low,10,namecheap,,,24/09/2026 03:09
f662fd90-8950-41e7-be6e-3466b88bf0e9,stabilization.tires,available,5.99,78.99,high,low,13,namesilo,,,17/09/2026 17:23
b56301f9-0ae9-4925-8fbb-da5d54d7775a,steelyard.tires,available,87.98,110.98,high,low,9,namecheap,,,22/09/2026 19:57
db615a4d-fad4-441d-a535-b0696cbec7a4,lyndon.tires,available,5.99,78.99,medium,low,6,namesilo,,,25/09/2026 16:09
cee56138-ea00-4089-9e36-d51ceb053374,management.tires,available,87.98,110.98,high,low,10,namecheap,,,19/09/2026 14:24
5bba189e-3d8e-47c9-ba50-4355c9e9dbd5,midday.tires,available,5.99,78.99,high,low,6,namesilo,,,
df3ff83a-59c6-47a4-9758-b7f749bcf1ea,josh.tires,available,5.99,78.99,high,medium,4,namesilo,,,22/08/2026 13:51
57dd6c00-0146-4acd-af7d-ef5bb8922e6c,archie.tires,available,70.2,70.2,high,low,6,cloudflare,,,28/09/2026 03:27
3fb31840-11b0-4771-a37c-e3b4344347d9,sagacious.tires,available,87.98,110.98,high,low,9,namecheap,,,08/09/2026 18:02
89e62d39-5b84-4480-9372-34715256a58f,pseudo.tires,available,5.99,78.99,high,low,6,namesilo,,,09/09/2026 04:56
bcdbbb44-21c3-4aaa-8465-fdf9766d41ae,unearthly.tires,available,5.99,78.99,medium,low,9,namesilo,,,16/08/2026 02:28
376e0470-dbcf-40d1-90a0-49c9dc53937c,redundant.tires,available,5.99,78.99,medium,low,9,namesilo,,,17/08/2026 16:08
1541940e-fb1b-49b1-82fb-13fce4ce3661,indate.tires,available,5.99,78.99,medium,low,7,namesilo,,,
3f4dd7f6-f56e-4877-9b27-b790793d65af,perfective.tires,available,5.99,78.99,high,low,10,namesilo,,,08/09/2026 16:27
8bb2933e-bf95-4834-a270-a1547249a6a9,trenchant.tires,available,5.99,78.99,medium,low,9,namesilo,,,12/08/2026 10:33
968e8b98-b3c8-4039-8952-cb30407df90f,plata.tires,available,5.99,78.99,high,low,5,namesilo,,,27/09/2026 02:58
26dfa124-fce3-43ea-9280-6bbaf199d40a,southern.tires,available,5.99,78.99,high,low,8,namesilo,,,27/09/2026 23:59
1f5296bd-17ca-4445-84aa-cd7491dd6d3f,incoherent.tires,available,5.99,78.99,medium,low,10,namesilo,,,22/08/2026 01:42
ef22305f-bbf8-426c-9213-b823c108e196,abloom.tires,available,5.99,78.99,medium,low,6,namesilo,,,
138858fa-0a9d-4c97-9a53-455a846bf336,gonzo.tires,available,5.99,78.99,high,low,5,namesilo,,,10/08/2026 10:27
ff9a9cc1-4265-44d1-a7b1-9904572d4d15,moose.tires,available,5.99,78.99,high,low,5,namesilo,,,18/09/2026 03:57
7a299417-4479-4aee-a1ff-2631862a2122,abattis.tires,available,5.99,78.99,medium,low,7,namesilo,,,16/09/2026 14:11
06e41f05-e36a-41b9-abde-3a4a66b47e98,partner.tires,available,5.99,78.99,high,low,7,namesilo,,,23/09/2026 11:42
bb05887b-4172-46d6-948b-b9fcc98d6c1d,seemed.tires,available,5.99,78.99,medium,low,6,namesilo,,,18/09/2026 01:00
30b9f229-8646-4be0-b294-4dc4eebbe785,adaptable.tires,available,5.99,78.99,high,low,9,namesilo,,,21/09/2026 16:52
5823a588-9364-442d-8eb7-d55399b3607a,vicinal.tires,available,5.99,78.99,medium,low,7,namesilo,,,13/09/2026 05:27
5031cefc-4116-41d6-8498-6c8c6b967ac4,cleverly.tires,available,5.99,78.99,high,low,8,namesilo,,,
f5532c23-fc03-4872-9e51-9adfd67ed480,holloway.tires,available,87.98,110.98,high,low,8,namecheap,,,26/09/2026 03:22
324f6542-747e-4e20-a5f3-a5c04738c657,tour.tires,available,5.99,78.99,high,low,4,namesilo,,,24/09/2026 22:26
8dee40db-7f49-46d9-b77e-8b9cf42a42b5,succeed.tires,available,5.99,78.99,high,low,7,namesilo,,,
c2df1939-2c21-43b3-a50b-54a6b0b0a73f,wallet.tires,available,5.99,78.99,high,medium,6,namesilo,,,
9acd5299-f053-4d6f-b7bb-9bbdcea983f1,armorer.tires,available,87.98,110.98,medium,low,7,namecheap,,,20/09/2026 07:29
7dd619fd-f25b-41a8-b991-9c866554fae4,airliner.tires,available,87.98,110.98,high,low,8,namecheap,,,17/09/2026 23:14
df1a44e2-bd9f-4b6b-8868-dfe6c85e0357,assuring.tires,available,5.99,78.99,medium,low,8,namesilo,,,07/08/2026 08:31
40f27da6-bce0-4675-8608-2a86f2efec39,dig.tires,available,5.99,78.99,high,low,3,namesilo,,,24/09/2026 23:51
04672a2a-eea0-413c-814d-ac3e8d7256d0,needless.tires,available,5.99,78.99,medium,low,8,namesilo,,,03/09/2026 14:55
7af5b0bf-22dd-44b6-b2ed-a35e81fcd4f6,grayly.tires,available,5.99,78.99,low,low,6,namesilo,,,14/09/2026 22:14
1ca3bd5f-8ae9-4649-9a49-709f4d46aa38,spaces.tires,available,5.99,78.99,high,low,6,namesilo,,,24/09/2026 15:02
6c10750b-8922-446b-a2c5-79020add0895,shirt.tires,available,5.99,78.99,high,low,5,namesilo,,,
8e2b5764-04eb-4d74-b12c-cfc50a580c32,disparate.tires,available,5.99,78.99,medium,low,9,namesilo,,,14/08/2026 11:52
c2e01f06-9d67-4a70-928d-336f9fe9900d,total.tires,premium,118.8,118.8,high,medium,5,namesilo,,,21/09/2026 22:55
e33846c4-5dea-47d5-ac5a-21b08f52eaf3,anabatic.tires,available,5.99,78.99,medium,low,8,namesilo,,,
f28ee02a-18bd-49b3-a5e9-4157c3ebab7e,disagree.tires,available,5.99,78.99,high,low,8,namesilo,,,
77ff05d0-fbfe-41f9-b7c1-c7455f79148c,axonal.tires,available,5.99,78.99,medium,low,6,namesilo,,,08/08/2026 02:01
45db8c33-8aa5-4020-aca4-f7e97f2cde16,link.tires,premium,512,512,high,medium,4,namesilo,,,22/09/2026 10:11
520996c9-fe32-4edd-995c-eab012b42ce7,grandiose.tires,available,14.99,132.99,high,low,9,name.com,,,20/08/2026 17:58
301555f1-dd34-4610-b8bb-60b00d6f7d08,wastebin.tires,available,5.99,78.99,medium,low,8,namesilo,,,20/09/2026 13:38
ecec42dd-4556-47c4-9d84-962a4a2006b3,thirties.tires,available,5.99,78.99,medium,low,8,namesilo,,,16/09/2026 12:05
15bfeef4-cdc5-44bb-ab56-ec5cca2f360a,aquitania.tires,available,5.99,78.99,medium,low,9,namesilo,,,19/09/2026 23:18
452248de-6102-46f4-90f9-e865cae53e01,pitt.tires,available,5.99,78.99,high,low,4,namesilo,,,25/09/2026 06:04
95e0b886-2eb8-45bb-ab9a-ec25b403a43e,symmetric.tires,available,5.99,78.99,high,low,9,namesilo,,,11/09/2026 06:03
137b15ac-161e-4197-b5a1-c545ab432548,torpedo.tires,available,72.44,72.44,high,low,7,spaceship,,,28/09/2026 05:28
c809a425-7273-403a-8510-d4de6f9aaf7b,equitably.tires,available,5.99,78.99,high,low,9,namesilo,,,14/09/2026 15:54
16727ac7-b999-4bbb-99d0-e800eabea70a,tiddler.tires,available,5.99,78.99,medium,low,7,namesilo,,,25/08/2026 00:10
8d58d8a4-637e-43e1-9d84-5115856e276f,unidentified.tires,available,5.99,78.99,medium,low,12,namesilo,,,28/09/2026 08:18
d4362b86-74d2-4962-aa28-bb29a9447cd2,alcibiades.tires,available,5.99,78.99,medium,low,10,namesilo,,,18/09/2026 04:00
9b8fc525-3f5a-4dd7-94ab-52ab7c68f996,fictitious.tires,available,5.99,78.99,medium,low,10,namesilo,,,07/08/2026 07:50
e0bc3f2b-02bc-4ebe-89e7-7e16c60f9a81,soda.tires,available,5.99,78.99,high,low,4,namesilo,,,25/09/2026 10:32
e333c5df-638d-4b69-bf6f-b958b6e5dd63,clock.tires,available,5.99,78.99,high,low,5,namesilo,,,
c98206b6-e02e-49be-a670-7755b3cea425,experimental.tires,available,5.99,78.99,high,low,12,namesilo,,,
c28914ae-1d19-415b-835d-b24281a5ffa9,solutions.tires,available,87.98,110.98,high,low,9,namecheap,,,25/09/2026 17:56
5ca15901-5eff-4b25-b7ac-d4bfe9ba90c6,explosion.tires,available,5.99,78.99,medium,low,9,namesilo,,,25/09/2026 21:57
1320a19c-ceb1-4069-92ed-dfc39a82d3f5,divorced.tires,available,5.99,78.99,medium,low,8,namesilo,,,14/08/2026 14:01
275d06ac-b4ad-4f8b-9607-7429c82b3224,satiate.tires,available,5.99,78.99,high,low,7,namesilo,,,09/09/2026 14:28
695d76f5-462d-448b-93f0-c4f8dd096e3e,illness.tires,available,5.99,78.99,high,low,7,namesilo,,,
d2614225-2c84-4fe0-a2b1-fc51cb9b6371,byzant.tires,available,5.99,78.99,medium,low,6,namesilo,,,23/09/2026 12:17
be71fdc0-83cf-4967-aa4d-3cd2afd0f06c,dryden.tires,available,5.99,78.99,medium,low,6,namesilo,,,28/09/2026 05:32
07639e07-d8a5-4a8a-95e3-79c2bb78d237,actuate.tires,available,5.99,78.99,high,low,7,namesilo,,,09/09/2026 03:15
0c16b639-0efa-4a7c-a77e-f9f35e5d037c,dendritic.tires,available,5.99,78.99,medium,low,9,namesilo,,,14/08/2026 01:48
15e4487b-45ba-47dc-9db5-ac0fda2cd0cb,monatomic.tires,available,5.99,78.99,medium,low,9,namesilo,,,25/08/2026 04:12
580b424a-872d-4825-8c4b-2a32e29a9360,laudable.tires,available,5.99,78.99,medium,low,8,namesilo,,,06/08/2026 07:01
1c826cff-6484-4317-a64a-5ae69a99cbb7,complaint.tires,available,5.99,78.99,high,low,9,namesilo,,,25/09/2026 07:37
fb8245a1-ccf1-48a3-8002-5b014cb67942,root.tires,available,5.99,78.99,high,medium,4,namesilo,,,22/09/2026 05:53
37f301ae-217a-4528-9115-588557164d04,expand.tires,available,87.98,110.98,high,low,6,namecheap,,,24/09/2026 13:38
5ed8690a-f8d3-4c9e-83e6-7bdca3c3554c,custer.tires,available,70.2,70.2,medium,low,6,cloudflare,,,28/09/2026 01:44
99b7fa13-10e6-4e1f-adf9-47eeddedf1fc,quavering.tires,available,5.99,78.99,medium,low,9,namesilo,,,09/09/2026 07:44
3fc6285f-ecca-4657-9b5c-82ebe411f7af,charnel.tires,available,5.99,78.99,medium,low,7,namesilo,,,12/08/2026 02:37
07935f11-3158-4c75-a2b4-fb3c2ee5d2c1,craved.tires,available,5.99,78.99,high,low,6,namesilo,,,13/08/2026 05:25
6197da2a-0e29-48d5-ba49-d6d4f6d3d7fa,bluebottle.tires,available,5.99,78.99,medium,low,10,namesilo,,,21/09/2026 14:09
0eb449f0-bf9d-4bb1-85a9-68005b209040,fountain.tires,available,87.98,110.98,high,low,8,namecheap,,,27/09/2026 13:35
7762cdef-92b5-4a2b-bfce-d27847035ee4,attendee.tires,available,5.99,78.99,high,low,8,namesilo,,,21/09/2026 01:26
0947d06c-ae83-4154-8f08-175b4ac956ac,playacting.tires,available,14.99,132.99,high,low,10,name.com,,,
59def090-5b9a-4606-a078-e50c77c1dce7,lecherous.tires,available,5.99,78.99,medium,low,9,namesilo,,,22/08/2026 22:17
dc958078-b7b4-4e87-8ca3-6d4c4ecde3da,copaiba.tires,available,5.99,78.99,medium,low,7,namesilo,,,22/09/2026 00:08
dd68b816-d859-449f-ab42-d03c350061e8,illusion.tires,available,87.98,110.98,high,low,8,namecheap,,,24/09/2026 16:35
069a5651-21fb-4590-8577-4d27185490a6,unsightly.tires,available,87.98,110.98,medium,low,9,namecheap,,,12/09/2026 19:53
3bc505d3-ac78-4f19-802a-633de93acd74,akko.tires,available,5.99,78.99,medium,low,4,namesilo,,,16/09/2026 22:23
001ee878-395b-424a-a991-a5545c30d165,echt.tires,available,5.99,78.99,high,low,4,namesilo,,,14/08/2026 23:41
870bef15-e021-4941-9011-a6b3b3ea4d9d,bookshop.tires,available,5.99,78.99,high,low,8,namesilo,,,24/09/2026 07:16
f63324ff-98b5-4384-8c3f-a8f591b1f0e5,hacking.tires,available,5.99,78.99,high,low,7,namesilo,,,25/09/2026 04:38
bd783f7e-1178-4d73-91c6-2c6fe988a0e0,argue.tires,available,5.99,78.99,medium,low,5,namesilo,,,
e809dfa4-f407-4b3c-ba65-2cd846625d7f,nominated.tires,available,87.98,110.98,high,low,9,namecheap,,,03/09/2026 18:18
880c4cba-ff18-4ed9-a36c-df5a046f512a,toothcare.tires,available,14.99,,medium,low,9,name.com,,,
9378e84b-4430-4f6f-ab35-7d4172e568ca,grouped.tires,available,14.99,132.99,high,low,7,name.com,,,20/08/2026 20:22
12fe96af-304e-4876-b3da-a05d5d58164a,asthmatic.tires,available,5.99,78.99,medium,low,9,namesilo,,,22/09/2026 10:23
ea1e24d9-83aa-4ff3-bf2b-481faa3ef535,fatigue.tires,available,5.99,78.99,high,low,7,namesilo,,,25/09/2026 11:36
01fc665c-47ac-4261-8e21-a621c7ba9e84,acores.tires,available,5.99,78.99,medium,low,6,namesilo,,,17/09/2026 02:16
38fae5d2-0ae3-437b-94c9-0e2acce1a978,sociably.tires,available,5.99,78.99,medium,low,8,namesilo,,,14/09/2026 22:21
71168897-b5d8-4262-9df5-c6655e32459e,playstation.tires,available,,,high,high,11,,,,
c9a2ba56-9c80-4369-bc35-ef0e05a7957c,sustained.tires,available,5.99,78.99,high,low,9,namesilo,,,18/08/2026 14:51
b9f5c1b2-b0ae-4b9a-8ce9-1b5019c0c1aa,neighboring.tires,available,14.99,,high,low,11,name.com,,,
519d0c2e-3e4e-46aa-8742-acd1596cbdcb,dazzlingly.tires,available,5.99,78.99,medium,low,10,namesilo,,,14/09/2026 10:58
f950d287-3ec1-4721-a9fe-5e8342e43df8,lifelong.tires,available,5.99,78.99,high,low,8,namesilo,,,23/08/2026 01:51
28e01080-cbb7-40f4-a5d9-0d3d4ea3f5b1,neoplastic.tires,available,5.99,78.99,medium,low,10,namesilo,,,03/09/2026 15:29
8333d030-06b8-4609-bbbb-be3dd8d77c71,tucker.tires,available,5.99,78.99,high,low,6,namesilo,,,23/09/2026 08:24
b6b326f5-419f-481a-bb26-6dc167da0d60,fluky.tires,available,5.99,78.99,medium,low,5,namesilo,,,18/08/2026 09:19
b5faeaad-c096-44a5-9e95-fd3e6c6bc897,reyes.tires,available,5.99,78.99,high,low,5,namesilo,,,25/09/2026 23:52
913d4b33-f382-4cbf-8d3d-c8e5407d11f9,washout.tires,available,14.99,132.99,medium,low,7,name.com,,,14/08/2026 20:57
d39cd1bf-bd2a-438c-b6c4-7508b38edafd,colly.tires,available,5.99,78.99,medium,low,5,namesilo,,,14/08/2026 09:17
5e2851ed-868b-47a3-b691-fe6b1dcff725,jewels.tires,available,5.99,78.99,high,low,6,namesilo,,,18/09/2026 06:31
04e1ec2d-4134-445d-8fcb-98fde639ebb5,winless.tires,available,5.99,78.99,medium,low,7,namesilo,,,13/09/2026 12:35
e16c4486-2de3-45fb-9f19-e6392b25c0c8,maturity.tires,available,5.99,78.99,high,low,8,namesilo,,,17/09/2026 10:27
1ac15444-ab91-4e5e-b08b-0887e4c746b4,northbound.tires,available,87.98,110.98,high,low,10,namecheap,,,03/09/2026 21:29
e18b8838-3050-4013-8b7a-a337233472e1,marsupial.tires,available,5.99,78.99,high,low,9,namesilo,,,24/08/2026 16:32
722f85e9-7568-4352-8064-945b81fbe55c,flooded.tires,available,5.99,78.99,high,low,7,namesilo,,,08/08/2026 00:23
148b6cde-ac56-4adb-bc4b-d71bf271f5ed,drinking.tires,available,14.99,,high,low,8,name.com,,,
1cbbc490-a1b5-4a99-a65c-95e17c1c7786,comal.tires,available,14.99,132.99,medium,low,5,name.com,,,12/08/2026 18:23
5889cd3f-a5be-4cf8-accb-0a5da0038856,beaded.tires,available,5.99,78.99,medium,low,6,namesilo,,,09/08/2026 03:18
5c8c8bcb-fac2-484a-8853-26640d9dee43,molded.tires,available,5.99,78.99,medium,low,6,namesilo,,,25/08/2026 03:46
eda359e7-b1f9-4f82-949b-244ff0fa5bc5,semi.tires,resell,,,high,low,4,"GoDaddy.com, LLC",04/04/2015 15:52,04/04/2027 15:52,26/09/2026 08:54
ae58f5fb-571b-4782-999b-c1efb84ae1b7,outmoded.tires,available,5.99,78.99,medium,low,8,namesilo,,,14/08/2026 01:15
b8976afb-9629-45d2-bcfb-223fd967c701,attired.tires,available,5.99,78.99,medium,low,7,namesilo,,,06/08/2026 04:47
b57b1d84-c6cf-4641-ba28-3891e9b3bd27,concept.tires,available,5.99,78.99,high,low,7,namesilo,,,24/09/2026 17:05
ef076dd9-6bce-4bad-a480-4c7220735752,honesty.tires,available,70.2,70.2,high,low,7,cloudflare,,,28/09/2026 06:00
f1bbda37-9a62-4516-b795-b9659fef8a88,vermicular.tires,available,5.99,78.99,medium,low,10,namesilo,,,13/09/2026 02:27
380fdf01-31c6-43e9-ac7f-b6dc1d010c54,experimentation.tires,available,8.24,74,medium,low,15,dynadot,,,28/09/2026 03:41
8da8bbbc-2229-426b-b757-a818f6f91064,aesculus.tires,available,5.99,78.99,medium,low,8,namesilo,,,17/09/2026 13:22
f047f69e-72ed-41a1-8128-56d1aaada9db,pervasive.tires,available,5.99,78.99,high,low,9,namesilo,,,08/09/2026 17:44
a973ece3-2841-4a23-bb64-e6a787adf91f,uut.tires,available,5.99,78.99,medium,low,3,namesilo,,,20/09/2026 22:17
02178a45-604f-4643-a946-ce6d65046593,holotype.tires,available,5.99,78.99,high,low,8,namesilo,,,25/09/2026 23:08
3b076dd5-a7c9-4922-aa5f-21d8f1fc9d80,apatite.tires,available,5.99,78.99,medium,low,7,namesilo,,,19/09/2026 16:18
ba6b3e6f-900d-42e9-a811-af7169a281b7,cycloid.tires,available,14.99,132.99,medium,low,7,name.com,,,13/08/2026 13:37
12b27182-4bbf-4412-ab94-b9215199d6f1,tapes.tires,available,5.99,78.99,medium,low,5,namesilo,,,25/09/2026 21:42
3328132f-4c6e-4be6-9fa9-ce2d5b256d4d,appear.tires,available,5.99,78.99,high,low,6,namesilo,,,
d2c39d6f-9dfb-46aa-b611-1616c8ed7c33,jensen.tires,available,5.99,78.99,high,low,6,namesilo,,,25/09/2026 07:58
7430be4b-6d7d-4e89-aa49-9143467c7f75,modern.tires,available,87.98,110.98,high,low,6,namecheap,,,24/09/2026 21:28
0dc59e65-4241-4502-b779-e222183a1733,beneficent.tires,available,5.99,78.99,medium,low,10,namesilo,,,09/08/2026 14:22
b43ef53b-447d-40ec-8b31-76b77546b41a,directing.tires,available,5.99,78.99,high,low,9,namesilo,,,24/09/2026 10:51
7cec36aa-848f-4bc7-b319-afad940c33b9,celebrated.tires,available,5.99,78.99,high,low,10,namesilo,,,11/08/2026 23:10
b7800385-0982-4af7-ad8e-f4ea851e2c76,sensation.tires,available,87.98,110.98,high,low,9,namecheap,,,21/09/2026 17:34
5d542410-a368-4960-a378-b2898d216649,recommended.tires,available,72.44,72.44,medium,low,11,spaceship,,,28/09/2026 08:36
0479c29f-761c-471a-b3dd-2079c75b1174,occult.tires,available,5.99,78.99,high,low,6,namesilo,,,03/09/2026 12:26
caeb83a8-4949-47f2-915a-909c8511ea04,cadillac.tires,available,5.99,78.99,high,low,8,namesilo,,,
f5f88b27-a9cb-40af-ad1e-2c2985790e63,enchanting.tires,available,14.99,132.99,medium,low,10,name.com,,,09/08/2026 18:21
2cbfef54-76fb-4bab-abcc-81b8a4e7961f,punter.tires,available,5.99,78.99,medium,low,6,namesilo,,,
1d866b6a-de2d-42dd-a501-9d9a083fd5ef,tetragon.tires,available,5.99,78.99,medium,low,8,namesilo,,,09/09/2026 07:24
3475ec74-73d0-467c-95d3-b5366e3bfb0c,forty.tires,available,5.99,78.99,high,low,5,namesilo,,,
a7cb4a18-5195-435e-875b-5d1d471e90c9,abnormal.tires,available,87.98,110.98,high,low,8,namecheap,,,21/09/2026 14:04
1d204dba-7568-4bc8-bc3e-735d35802f1a,nimiety.tires,available,5.99,78.99,medium,low,7,namesilo,,,17/08/2026 16:13
4995f2fb-0e03-43f8-b055-889bd3ca3918,flight.tires,available,5.99,78.99,high,low,6,namesilo,,,24/09/2026 20:44
f03e34fd-0a16-4f03-bc5c-b27e1748e3d2,ionic.tires,available,5.99,78.99,high,low,5,namesilo,,,22/08/2026 09:29
eeb7e9b2-211d-4430-8819-71be914bbdbf,belong.tires,available,5.99,78.99,high,low,6,namesilo,,,
d9a57d85-03fe-4d44-988c-859f97c7cce1,tux.tires,available,5.99,78.99,high,low,3,namesilo,,,24/09/2026 01:52
3c1eeb91-09c6-495f-b645-e9ffef6999ea,infrasonic.tires,available,5.99,78.99,medium,low,10,namesilo,,,22/08/2026 04:48
13813e7b-cdf6-4c28-a94d-c7b174415f84,ascensive.tires,available,5.99,78.99,medium,low,9,namesilo,,,07/08/2026 00:46
af97c9a9-f7e0-4c0c-81cf-110c914006c0,eating.tires,available,5.99,78.99,high,low,6,namesilo,,,08/09/2026 13:35
198b70d2-388e-457c-a61b-a4126fbb22b7,avidity.tires,available,87.98,110.98,high,low,7,namecheap,,,21/09/2026 09:28
5e6f7304-4459-42d3-b86a-fc1cc5506f36,propellent.tires,available,5.99,78.99,high,low,10,namesilo,,,09/09/2026 03:28
ebeb6e96-eea9-45d7-8ecf-0e397773c41c,foothold.tires,available,14.99,132.99,high,low,8,name.com,,,24/09/2026 10:16
005e9e83-1f7b-41c5-8faf-ce07592b48bd,enrich.tires,available,5.99,78.99,high,low,6,namesilo,,,
eb5aee39-04e4-49c4-b516-d3b46c16dfb0,frankish.tires,available,5.99,78.99,medium,low,8,namesilo,,,18/08/2026 14:14
562c538e-1fa4-48a6-990d-c688a3c781e6,beadle.tires,available,87.98,110.98,medium,low,6,namecheap,,,22/09/2026 19:31
b7737870-c5b3-4d9e-a3d1-d83f76e96238,gregarious.tires,available,5.99,78.99,high,low,10,namesilo,,,20/08/2026 19:56
ab869988-78a6-4d63-8cb5-d1b67a5c5b61,tonic.tires,available,87.98,110.98,high,low,5,namecheap,,,19/09/2026 16:01
6eac2533-c5d2-4507-b8d6-5cf14c332fd3,resistance.tires,available,5.99,78.99,high,low,10,namesilo,,,12/09/2026 07:26
adbaa6a3-6f1d-48d1-b6f0-72c6b7ff5afb,epochal.tires,available,5.99,78.99,medium,low,7,namesilo,,,17/08/2026 11:24
51e7551d-9064-4763-8465-009db38b3d5c,arp.tires,available,5.99,78.99,high,low,3,namesilo,,,20/09/2026 08:35
834b1d14-0fd3-4d21-9cac-0de33ae52ce0,parthian.tires,available,5.99,78.99,medium,low,8,namesilo,,,08/09/2026 01:59
5cae7fe9-88d9-448b-8ff7-e218eb9ebe0f,wholesome.tires,available,5.99,78.99,high,low,9,namesilo,,,
f9bb21df-4ef7-4fb1-8140-abc85efdc66d,statute.tires,available,87.98,110.98,high,low,7,namecheap,,,10/09/2026 19:18
47d78446-203e-4ad8-a443-efd951f618bb,alb.tires,available,5.99,78.99,high,low,3,namesilo,,,18/09/2026 02:20
70789f0c-baec-4336-9d21-1c230188fcf5,blackshirt.tires,available,87.98,110.98,medium,low,10,namecheap,,,24/09/2026 03:05
6b15cb1e-488a-4cf9-bf7b-3c82a5e7c8ef,ambages.tires,available,5.99,78.99,medium,low,7,namesilo,,,18/09/2026 16:24
70f5870f-1d14-4e63-a145-f4b56030a72d,marshy.tires,available,5.99,78.99,medium,low,6,namesilo,,,10/08/2026 17:03
cac2968a-035a-4b58-9fd9-f497ede49a66,tarawa.tires,available,87.98,110.98,medium,low,6,namecheap,,,21/09/2026 19:26
c08d19f3-1fe9-4ec7-abf6-d1cfa238b309,secretly.tires,available,5.99,78.99,medium,low,8,namesilo,,,15/09/2026 06:37
5d820305-efeb-4700-8f9a-885c75381106,alehouse.tires,available,5.99,78.99,high,low,8,namesilo,,,18/09/2026 05:01
3397559f-eafc-4208-8f67-a06ed87eb29c,spouse.tires,available,5.99,78.99,high,low,6,namesilo,,,23/09/2026 11:39
cd6316b3-1c32-4d5c-a1df-b4170e4ed074,passable.tires,available,5.99,78.99,high,low,8,namesilo,,,24/09/2026 16:16
02ee4a1d-c54f-4d49-a3fc-6d27e69fd77e,estimate.tires,available,5.99,78.99,high,low,8,namesilo,,,
34e14c37-274e-4cd7-bc1d-1bf7b58d082a,copy.tires,available,5.99,78.99,high,low,4,namesilo,,,
6cb81079-a006-4c53-93d9-8af455f9cb34,defeated.tires,available,5.99,78.99,medium,low,8,namesilo,,,13/08/2026 23:04
7eb24b92-a09d-4a35-88c6-f672250e09aa,conviction.tires,available,87.98,110.98,high,low,10,namecheap,,,24/09/2026 18:01
b68eecb0-6848-4efe-8c74-d65dc39ea233,soothing.tires,available,5.99,78.99,high,low,8,namesilo,,,07/08/2026 07:40
d4d06055-9e5f-4e66-8f16-537c7efba049,fourth.tires,available,5.99,78.99,high,low,6,namesilo,,,
d4b57b5e-ef31-4ec3-81af-48d3a0527b2b,harris.tires,available,87.98,110.98,high,low,6,namecheap,,,23/09/2026 08:19
cf9e1a48-ecd7-4b4c-84d0-1c6286f4f8df,sorcerous.tires,available,5.99,78.99,medium,low,9,namesilo,,,24/08/2026 13:00
6de106f8-1bd5-4caa-82b8-0e888d720fc7,pompon.tires,available,87.98,110.98,medium,low,6,namecheap,,,19/09/2026 09:36
5d78c3ee-707b-4ca9-8bc7-bd820e9b7be4,insanely.tires,available,5.99,78.99,medium,low,8,namesilo,,,14/09/2026 09:13
0561f63c-35a6-480a-b8e4-2393509f7489,vodka.tires,available,5.99,78.99,high,low,5,namesilo,,,
936f27ad-14bc-42c8-aa3c-15b9063b1a36,discordant.tires,available,5.99,78.99,medium,low,10,namesilo,,,14/08/2026 10:00
002631c5-7870-4e9d-b868-b86fc16f6a6e,relation.tires,available,5.99,78.99,high,low,8,namesilo,,,27/09/2026 11:47
9db65aa2-52ec-441f-a362-4be14a1fe5f7,inaudible.tires,available,5.99,78.99,medium,low,9,namesilo,,,22/08/2026 00:33
3794de48-c4b5-4087-816d-bbcd3c29295e,zoo.tires,available,5.99,78.99,high,low,3,namesilo,,,26/09/2026 00:33
bf5cbeac-44cd-4fbe-8bc0-b5c01dc0e547,daybreak.tires,available,5.99,78.99,high,low,8,namesilo,,,11/09/2026 02:05
87686da4-6129-435c-ab19-68b2c7263e85,aragonite.tires,available,5.99,78.99,medium,low,9,namesilo,,,19/09/2026 23:43
6678e9f4-280a-4608-8acf-2f6387369be3,argun.tires,available,5.99,78.99,medium,low,5,namesilo,,,20/09/2026 04:51
9a2ce656-38f9-44df-b836-e397f216f9b9,harmonized.tires,available,5.99,78.99,high,low,10,namesilo,,,12/08/2026 22:50
491e3c3e-17bf-49a5-a974-fe287e1518f8,southampton.tires,available,87.98,110.98,medium,low,11,namecheap,,,25/09/2026 14:27
df31e8c1-6832-4061-b512-96376cd500d7,beheading.tires,available,87.98,110.98,medium,low,9,namecheap,,,23/09/2026 03:20
b8e93bbc-9f9e-4735-8034-83cf1a9e4776,armin.tires,available,5.99,78.99,high,low,5,namesilo,,,20/09/2026 07:10
4cdda589-a036-4a76-846f-188310fa39fb,alcaic.tires,available,5.99,78.99,medium,low,6,namesilo,,,18/09/2026 03:46
1c382452-4ac7-459f-8e6a-1163633877f7,clxx.tires,available,5.99,78.99,medium,low,4,namesilo,,,
9dfe4bd8-1a74-4d52-bbb3-6a96f66f36a1,ellipsoid.tires,available,5.99,78.99,medium,low,9,namesilo,,,16/08/2026 04:37
031e5b82-4cb1-4dd0-a184-d8d9746f6c82,mildly.tires,available,5.99,78.99,medium,low,6,namesilo,,,15/09/2026 14:43
a6d9ce21-f90a-4937-b73f-0fe933c45c5a,paul.tires,available,5.99,78.99,high,medium,4,namesilo,,,
fb228b88-fd19-4861-8681-af111792d1a3,relevantly.tires,available,5.99,78.99,medium,low,10,namesilo,,,15/09/2026 22:59
f62b7ec4-2adb-4bd2-9255-4823fb8a3489,disobedience.tires,available,5.99,78.99,medium,low,12,namesilo,,,16/09/2026 12:19
f19a535f-c926-41d9-88e0-28da81999847,aciculate.tires,available,5.99,78.99,medium,low,9,namesilo,,,
74ffe1d7-5cb2-4996-8717-6e29a7ea878d,sat.tires,available,5.99,78.99,high,low,3,namesilo,,,
f14d1bb1-6d34-42c7-ba87-2a964f385eea,boyd.tires,available,5.99,78.99,high,low,4,namesilo,,,25/09/2026 14:55
1407ca79-933d-4f8c-8ee5-f8b3232ed4d7,evilly.tires,available,5.99,78.99,low,low,6,namesilo,,,14/09/2026 16:42
d5d4ea03-070c-4b84-80b4-31d91c1147e0,humphrey.tires,available,5.99,78.99,high,low,8,namesilo,,,25/09/2026 14:49
7e688ddc-662f-42fe-b917-908bf69d16a0,tantalum.tires,available,5.99,78.99,medium,low,8,namesilo,,,20/09/2026 23:42
a7234008-129f-41c6-b13a-dd8fa162efc6,abandoned.tires,available,5.99,78.99,high,low,9,namesilo,,,21/09/2026 13:36
24735907-7270-410c-82f4-6de0b2d43ed3,intimacy.tires,available,5.99,78.99,high,low,8,namesilo,,,17/09/2026 14:02
cb2346bd-ddf2-4a88-a091-84d69896bd61,upset.tires,available,87.98,110.98,high,low,5,namecheap,,,24/09/2026 11:19
369ff547-96dc-4173-b7e3-8602dc6687af,houghton.tires,available,87.98,110.98,medium,low,8,namecheap,,,25/09/2026 23:07
a78ffb3f-5a8b-4fe2-a150-de612a42c5b9,aventail.tires,available,5.99,78.99,medium,low,8,namesilo,,,21/09/2026 09:05
37f736d8-bbab-4e7d-99aa-c1c70ae59692,cuddle.tires,available,87.98,110.98,high,low,6,namecheap,,,24/09/2026 20:09
438fa697-73e2-471b-81ea-0d04ca7c8600,ina.tires,available,72.44,72.44,high,low,3,spaceship,,,28/09/2026 04:04
7a6f3fa6-3a82-42b3-80a8-4cd380f5b40f,azygos.tires,available,5.99,78.99,medium,low,6,namesilo,,,08/08/2026 03:32
d1f26f4b-f18a-4328-a91b-6e816eebbee8,olive.tires,available,5.99,78.99,high,low,5,namesilo,,,26/09/2026 00:11
b0b6a941-ea16-4b41-8338-ca33bd0278b8,mobiles.tires,available,5.99,78.99,medium,low,7,namesilo,,,20/09/2026 08:45
75c79404-cdd1-4658-8e93-ff64e4f98715,nebulose.tires,available,5.99,78.99,medium,low,8,namesilo,,,12/08/2026 12:43
634a9c7a-d585-4ed9-a1f4-1a25909b66cf,extend.tires,available,5.99,78.99,high,low,6,namesilo,,,
7ea82929-9b7c-4fc5-be21-f86e72d49255,risks.tires,available,87.98,110.98,medium,low,5,namecheap,,,20/09/2026 06:40
be6cccb2-5b57-470a-9294-f32b41b32784,slugs.tires,available,5.99,78.99,medium,low,5,namesilo,,,20/09/2026 08:54
449b73a0-24c5-4072-ae5a-40fc5e9480e7,teased.tires,available,5.99,78.99,medium,low,6,namesilo,,,11/09/2026 09:55
978ddb42-8dd3-489b-b691-3ef5e89fd976,sestet.tires,available,5.99,78.99,medium,low,6,namesilo,,,
12e8fd5e-638e-4919-825e-9e9e2c77c12e,springlike.tires,available,5.99,78.99,medium,low,10,namesilo,,,10/09/2026 16:53
31edeb29-908f-4a4a-9996-e4c4e1f20c89,disdain.tires,available,5.99,78.99,medium,low,7,namesilo,,,24/09/2026 17:41
62e81acb-9283-4890-abbf-026c168eeccb,unloose.tires,available,5.99,78.99,medium,low,7,namesilo,,,18/08/2026 14:34
bf26e859-88c2-437f-a480-fba8a0e71b13,transeunt.tires,available,87.98,110.98,medium,low,9,namecheap,,,11/09/2026 18:53
fb0d77eb-0052-40c8-90a9-28a9f80eb137,genius.tires,available,5.99,78.99,high,medium,6,namesilo,,,21/09/2026 17:41
086b211a-fec2-4e9f-a5b3-ccc52cdb59ad,napping.tires,available,5.99,78.99,high,low,7,namesilo,,,03/09/2026 13:07
4d3c8644-372e-49c5-bdf3-480d0c269b0e,don.tires,available,5.99,78.99,high,low,3,namesilo,,,27/09/2026 08:52
78fd3a1a-3940-4e1d-ad24-de3d3b1bad2f,milne.tires,available,87.98,110.98,medium,low,5,namecheap,,,16/09/2026 12:53
f2b877d5-05db-4044-b856-79d523b582d2,anxiety.tires,available,5.99,78.99,high,low,7,namesilo,,,19/09/2026 15:59
114524b6-9d02-4168-86dd-1140c0fc49a9,dollars.tires,available,5.99,78.99,high,low,7,namesilo,,,17/09/2026 07:00
ee0f1253-e382-4ad1-874e-7a20eb7c84c6,antiseptic.tires,available,5.99,78.99,high,low,10,namesilo,,,22/09/2026 06:54
be4170e0-b17a-4c9b-8f95-4cef0eb62cc8,decided.tires,available,14.99,132.99,high,low,7,name.com,,,13/08/2026 21:20
bdc720b3-a674-411b-81c7-31e9b7ce9664,chestnut.tires,available,5.99,78.99,high,low,8,namesilo,,,23/09/2026 14:04
628a823f-132a-48a2-a036-4675a38690c7,spiffy.tires,available,14.99,132.99,high,low,6,name.com,,,13/08/2026 17:36
bf818993-2374-48a3-b71d-88c30b2856ae,loan.tires,available,87.98,110.98,high,low,4,namecheap,,,25/09/2026 09:02
e9589e40-1cf4-42cb-b72c-6af34b8309ac,undimmed.tires,available,5.99,78.99,medium,low,8,namesilo,,,12/09/2026 08:06
94de1f60-5920-44eb-bb69-eaf99ba00031,meyers.tires,available,5.99,78.99,high,low,6,namesilo,,,27/09/2026 20:50
31915a8e-0ea8-4167-9ea9-a7b610852018,affective.tires,available,5.99,78.99,high,low,9,namesilo,,,
2cfdc73b-e79c-4e64-9079-9e679678ed8a,bowls.tires,available,14.99,,high,low,5,name.com,,,
dd387798-dab4-474d-aabf-7bb251ea0b8d,mangy.tires,available,5.99,78.99,medium,low,5,namesilo,,,24/08/2026 14:50
88bd8d60-a660-413e-bd06-2ebb2d787fcc,arching.tires,available,5.99,78.99,medium,low,7,namesilo,,,06/08/2026 14:39
796ab914-82d8-40f4-91b0-46db41b681e6,viscous.tires,available,5.99,78.99,high,low,7,namesilo,,,20/08/2026 15:25
4dbbade9-8484-4163-ab55-d4b89ab8b465,germy.tires,available,5.99,78.99,medium,low,5,namesilo,,,18/08/2026 22:53
6d5fca4c-da46-460a-9118-954b033372e9,stunting.tires,available,14.99,132.99,medium,low,8,name.com,,,17/09/2026 12:54
d6b46273-c091-43db-9588-a182453777d0,inscribed.tires,available,5.99,78.99,medium,low,9,namesilo,,,17/08/2026 08:24
85d41224-41c2-4c76-a9d4-979ef872a93c,lois.tires,available,5.99,78.99,medium,low,4,namesilo,,,25/09/2026 15:30
51e3842b-7d7f-41bd-9326-85656732742d,preference.tires,available,5.99,78.99,high,low,10,namesilo,,,
12340f3d-bcf4-411c-858a-84e79f514127,bouffant.tires,available,14.99,132.99,high,low,8,name.com,,,10/08/2026 21:32
91110a33-e140-454f-8823-f3bf15318835,separately.tires,available,5.99,78.99,medium,low,10,namesilo,,,15/09/2026 08:00
dbe2d6ed-d2c4-4dc8-be76-e9684b32ab9a,that.tires,available,5.99,78.99,high,low,4,namesilo,,,
68f1326f-addd-4629-b007-a4c1d0889bf6,impairment.tires,available,14.99,132.99,medium,low,10,name.com,,,13/08/2026 19:25
415ebd18-24e6-460f-9b15-dcf76b70d5a2,alight.tires,available,5.99,78.99,high,low,6,namesilo,,,
012c9038-7c60-4d74-9503-fe1a5400224d,survey.tires,available,5.99,78.99,high,low,6,namesilo,,,
e867aa71-efbe-47c6-9ee8-92f84eb7fa0e,visiting.tires,available,5.99,78.99,high,low,8,namesilo,,,
114ca305-b4bb-408b-9035-ae553fba7864,beacon.tires,available,87.98,110.98,high,medium,6,namecheap,,,22/09/2026 19:12
712cd04c-a086-49e6-bb91-8bd02cba8718,motorised.tires,available,5.99,78.99,medium,low,9,namesilo,,,25/08/2026 08:28
045cf7d1-580a-4a55-b0a8-8c5fca3f9334,remote.tires,available,5.99,78.99,high,medium,6,namesilo,,,26/09/2026 03:19
5979c474-8063-4171-a169-c258d6098238,dove.tires,available,5.99,78.99,high,low,4,namesilo,,,10/09/2026 17:16
b13227e8-308f-47bc-80ef-2420c8c389ca,overside.tires,available,5.99,78.99,medium,low,8,namesilo,,,15/09/2026 18:29
86f56f20-1404-428a-9a68-ec154dd0dd4a,reginald.tires,available,87.98,110.98,high,low,8,namecheap,,,25/09/2026 15:10
ddb998be-1246-4b42-93bf-8e124122dda7,ella.tires,available,5.99,78.99,high,low,4,namesilo,,,25/09/2026 21:52
1bfc7b6e-806f-455d-9844-1bd0eeacacab,grammatic.tires,available,14.99,132.99,medium,low,9,name.com,,,20/08/2026 17:56
d6bc5eeb-b701-45ef-830d-cd2dee0c5dec,tritely.tires,available,87.98,110.98,low,low,7,namecheap,,,16/09/2026 09:30
520d30e7-13a4-485c-b63a-5c450a454226,rico.tires,available,5.99,78.99,high,low,4,namesilo,,,19/09/2026 14:11
51458841-2c90-4cfc-89d7-04f2816d7e75,refrigerator.tires,available,5.99,78.99,high,low,12,namesilo,,,